5.53241E-06,-47,-94,954,0,-0.06,0.12,11.19,-30,20.5,0.553240741,-0.047,-0.094,0.954
1.68056E-05,-50,-91,956,-0.06,0.06,0.06,10.75,-30.37,19.69,1.680555556,-0.05,-0.091,0.956
2.83449E-05,-48,-93,956,-0.06,0.06,-0.06,10.06,-30.37,21,2.834490741,-0.048,-0.093,0.956
3.97106E-05,-48,-94,958,0,0.06,0,10.06,-30,22.06,3.971064815,-0.048,-0.094,0.958
5.10301E-05,-47,-95,955,0.12,-0.06,0,10.06,-30,20.5,5.103009259,-0.047,-0.095,0.955
6.46296E-05,-49,-95,955,0,-0.12,0.12,10.06,-30.37,21.25,6.462962963,-0.049,-0.095,0.955
7.47569E-05,-48,-94,956,0,-0.12,-0.12,10.06,-30.37,20.5,7.475694444,-0.048,-0.094,0.956
8.65856E-05,-49,-94,955,0,0.12,-0.06,10.5,-30,21,8.658564815,-0.049,-0.094,0.955
9.81481E-05,-47,-93,957,0,0.12,0,10.5,-30,19.69,9.814814815,-0.047,-0.093,0.957
0.000109537,-49,-94,955,0,0,0,9.69,-29.69,21,10.9537037,-0.049,-0.094,0.955
0.000122095,-47,-93,954,0.06,0.12,0,10.06,-30.69,19.25,12.20949074,-0.047,-0.093,0.954
0.000133461,-46,-93,958,-0.06,0.06,0,9.69,-30.69,20.06,13.34606481,-0.046,-0.093,0.958
0.000144815,-47,-91,953,0.06,0.06,-0.06,10.5,-31.06,20.5,14.48148148,-0.047,-0.091,0.953
0.000156285,-46,-93,955,0.06,0,-0.06,10.5,-31.06,20.5,15.62847222,-0.046,-0.093,0.955
0.000168912,-49,-94,956,0,0,0,10.06,-30.69,20.06,16.8912037,-0.049,-0.094,0.956
0.00018044,-49,-93,955,-0.06,0,0.06,10.5,-30.37,20.06,18.04398148,-0.049,-0.093,0.955
0.000191725,-46,-95,953,0,0.19,-0.06,11.56,-30.37,21,19.1724537,-0.046,-0.095,0.953
0.00020309,-51,-93,953,-0.06,-0.12,0,10.5,-30.69,19.25,20.30902778,-0.051,-0.093,0.953
0.000214618,-48,-92,955,-0.12,-0.06,0,10.5,-30.69,21,21.46180556,-0.048,-0.092,0.955
0.000227176,-49,-92,955,0.06,0.06,0,10.06,-30,21,22.71759259,-0.049,-0.092,0.955
0.000238553,-47,-94,953,-0.06,-0.06,0.06,10.06,-30,19.25,23.85532407,-0.047,-0.094,0.953
0.00025,-49,-92,952,0,0,0,10.75,-30.69,20.5,25,-0.049,-0.092,0.952
0.000261308,-47,-93,957,-0.06,-0.19,0.12,10.5,-29.69,20.56,26.13078704,-0.047,-0.093,0.957
0.000272847,-47,-94,955,0.06,0,0.06,10.5,-30.69,20.06,27.28472222,-0.047,-0.094,0.955
0.000285347,-48,-93,958,0.06,-0.06,0,10.5,-30.69,21.25,28.53472222,-0.048,-0.093,0.958
0.000296817,-47,-91,954,0.12,-0.12,-0.06,10.75,-30.69,20.5,29.68171296,-0.047,-0.091,0.954
0.000308206,-49,-93,955,-0.06,0.06,0.06,10.5,-30,21,30.82060185,-0.049,-0.093,0.955
0.000319745,-48,-91,956,0.06,0.06,0.06,10.75,-30,22.06,31.97453704,-0.048,-0.091,0.956
0.000331227,-45,-92,954,0,0.25,0,10.06,-30.69,20.06,33.12268519,-0.045,-0.092,0.954
0.000343866,-47,-93,955,0,-0.12,-0.06,10.75,-30.69,20.56,34.38657407,-0.047,-0.093,0.955
0.000355255,-50,-95,955,0.06,0.12,0.06,9.25,-31.06,21.75,35.52546296,-0.05,-0.095,0.955
0.000366539,-46,-95,957,0.06,0.06,0,9.69,-30,21,36.65393519,-0.046,-0.095,0.957
0.000378009,-45,-92,952,-0.06,-0.12,0.12,10.06,-30.69,20.56,37.80092593,-0.045,-0.092,0.952
0.000389653,-47,-92,956,0,-0.12,0.06,10.5,-30.37,20.06,38.96527778,-0.047,-0.092,0.956
0.000402292,-46,-92,956,0,0,0.06,10.5,-31.06,20.5,40.22916667,-0.046,-0.092,0.956
0.000413576,-50,-93,957,0.19,-0.06,0.06,10.5,-30.37,20.06,41.35763889,-0.05,-0.093,0.957
0.000425139,-48,-94,955,-0.06,0,0.12,10.75,-30.75,19.75,42.51388889,-0.048,-0.094,0.955
0.000436632,-48,-96,953,0.06,-0.06,-0.06,10.5,-30.69,19.75,43.66319444,-0.048,-0.096,0.953
0.000447963,-48,-93,952,0,0,-0.06,10.5,-30.75,21,44.7962963,-0.048,-0.093,0.952
0.000460602,-50,-92,956,0.06,-0.19,0.06,9.69,-31.06,20.5,46.06018519,-0.05,-0.092,0.956
0.000471968,-51,-93,955,-0.06,0.06,-0.06,10.5,-30.37,19.75,47.19675926,-0.051,-0.093,0.955
0.000483484,-48,-93,953,0,0,0,9.69,-30.69,19.75,48.34837963,-0.048,-0.093,0.953
0.000494873,-49,-94,954,0.06,-0.12,0.06,10.5,-30,21.25,49.48726852,-0.049,-0.094,0.954
0.000506296,-48,-95,952,-0.06,0,0,10.5,-30.75,21,50.62962963,-0.048,-0.095,0.952
0.000520139,-49,-91,954,-0.06,0.19,0.06,10.75,-30.37,20.56,52.01388889,-0.049,-0.091,0.954
0.000530197,-47,-93,955,0,0.06,-0.06,10.5,-30.69,20.5,53.01967593,-0.047,-0.093,0.955
0.000541586,-47,-92,954,0,0.19,-0.06,9.69,-31.87,19.75,54.15856481,-0.047,-0.092,0.954
0.00055287,-48,-93,954,-0.06,0.06,0,10.75,-30.69,20.06,55.28703704,-0.048,-0.093,0.954
0.000565498,-48,-94,955,0,-0.12,-0.06,10.06,-29.69,20.5,56.54976852,-0.048,-0.094,0.955
0.000576898,-47,-93,956,0,0.06,0.06,10.5,-30.37,20.06,57.68981481,-0.047,-0.093,0.956
0.000588403,-48,-92,955,0,0.19,0,10.5,-30.37,21,58.84027778,-0.048,-0.092,0.955
0.000599722,-46,-94,955,0.06,0.06,0,10.75,-31.06,19.25,59.97222222,-0.046,-0.094,0.955
0.000611273,-48,-94,953,0,-0.19,0,10.5,-30.69,20.06,61.12731481,-0.048,-0.094,0.953
0.000624005,-48,-94,957,0.06,0.06,-0.19,10.75,-30.69,20.56,62.40046296,-0.048,-0.094,0.957
0.000635382,-48,-93,953,0,0,-0.06,10.5,-30.75,20.06,63.53819444,-0.048,-0.093,0.953
0.000646736,-48,-91,955,-0.12,-0.06,-0.06,9.25,-30.69,20.56,64.67361111,-0.048,-0.091,0.955
0.000658183,-47,-94,955,0.06,0.19,-0.19,10.5,-30.37,19.75,65.81828704,-0.047,-0.094,0.955
0.00067081,-48,-95,955,0,-0.06,0.06,9.69,-30,20.06,67.08101852,-0.048,-0.095,0.955
0.000682164,-47,-91,956,0.06,0.19,-0.12,9.69,-30.37,20.06,68.21643519,-0.047,-0.091,0.956
0.000693634,-48,-93,952,-0.12,0.31,-0.06,11.19,-30.69,20.5,69.36342593,-0.048,-0.093,0.952
0.000704988,-48,-93,953,0,0.06,-0.06,9,-30.37,19.75,70.49884259,-0.048,-0.093,0.953
0.000716366,-48,-93,954,-0.06,-0.19,0,10.5,-30.69,19.25,71.63657407,-0.048,-0.093,0.954
0.000729109,-47,-91,955,0.06,0,0.06,10.75,-31.06,21,72.91087963,-0.047,-0.091,0.955
0.000740428,-47,-94,954,0,0.06,0.06,10.75,-30.37,20.06,74.04282407,-0.047,-0.094,0.954
0.000751794,-49,-92,954,-0.06,-0.12,0,10.75,-30.75,19.75,75.17939815,-0.049,-0.092,0.954
0.000763252,-47,-91,956,-0.06,-0.06,0,10.75,-30.37,20.06,76.32523148,-0.047,-0.091,0.956
0.000775162,-46,-93,956,0,-0.06,0.12,10.5,-30.37,20.06,77.5162037,-0.046,-0.093,0.956
0.000786516,-48,-93,954,0.06,-0.06,0,10.06,-30.37,19.75,78.65162037,-0.048,-0.093,0.954
0.000797998,-48,-92,951,0.06,0.06,0,10.06,-31.06,19.75,79.79976852,-0.048,-0.092,0.951
0.000810613,-49,-93,954,-0.06,-0.12,0.06,9.69,-30.37,21,81.06134259,-0.049,-0.093,0.954
0.000822072,-48,-94,955,-0.06,0.12,0.06,10.5,-30.37,19.75,82.20717593,-0.048,-0.094,0.955
0.00083338,-49,-94,954,-0.06,-0.12,-0.06,10.06,-31.5,20.56,83.33796296,-0.049,-0.094,0.954
0.00084478,-47,-93,957,0.12,0.06,-0.12,10.5,-30.37,21.25,84.47800926,-0.047,-0.093,0.957
0.000857407,-47,-93,957,0.06,-0.06,0,10.5,-29.69,21,85.74074074,-0.047,-0.093,0.957
0.000868819,-49,-92,956,0,-0.06,-0.12,10.75,-31.06,19.75,86.88194444,-0.049,-0.092,0.956
0.000880278,-47,-94,954,0.06,-0.06,0.12,10.06,-30.75,21.37,88.02777778,-0.047,-0.094,0.954
0.000891632,-49,-93,953,-0.06,0.12,-0.06,11.56,-31.06,19.75,89.16319444,-0.049,-0.093,0.953
0.000904259,-45,-95,954,0.06,0,0,10.75,-29.69,20.5,90.42592593,-0.045,-0.095,0.954
0.000915764,-49,-92,955,0.06,0.19,-0.06,9.69,-30.37,19.75,91.57638889,-0.049,-0.092,0.955
0.000927072,-50,-92,955,0,0.19,0,10.5,-31.06,20.56,92.70717593,-0.05,-0.092,0.955
0.000938449,-49,-97,956,0,0.06,0.12,10.75,-30.75,20.56,93.84490741,-0.049,-0.097,0.956
0.000949907,-49,-91,955,0,-0.12,0,10.5,-30.37,21.25,94.99074074,-0.049,-0.091,0.955
0.000962465,-48,-92,957,0.06,-0.19,0,10.5,-29.69,20.56,96.24652778,-0.048,-0.092,0.957
0.000973877,-50,-91,954,0,0.12,0.12,9.69,-30.37,20.56,97.38773148,-0.05,-0.091,0.954
0.000985359,-47,-95,954,0.06,-0.12,0,9.69,-30.37,20.56,98.53587963,-0.047,-0.095,0.954
0.000996632,-49,-95,954,0,-0.12,-0.06,10.06,-30.37,19.75,99.66319444,-0.049,-0.095,0.954
0.001008032,-50,-92,956,0.06,0,0,10.5,-30.37,20.56,100.8032407,-0.05,-0.092,0.956
0.001020775,-49,-93,955,-0.06,0.06,0,10.06,-30,20.56,102.0775463,-0.049,-0.093,0.955
0.001032141,-49,-93,956,0,0.06,0.12,10.5,-31.87,19.75,103.2141204,-0.049,-0.093,0.956
0.00104353,-49,-94,957,0.06,-0.12,0,10.5,-30.37,21.37,104.3530093,-0.049,-0.094,0.957
0.001055012,-48,-92,955,-0.06,0.12,0,10.5,-31.5,21,105.5011574,-0.048,-0.092,0.955
0.001066389,-50,-93,955,0,-0.06,0.12,10.5,-31.19,20.56,106.6388889,-0.05,-0.093,0.955
0.001079016,-45,-93,953,-0.06,0.12,-0.06,10.5,-31.19,19.75,107.9016204,-0.045,-0.093,0.953
0.001090313,-47,-94,953,-0.06,-0.06,0,10.75,-30.75,20.56,109.03125,-0.047,-0.094,0.953
0.00110169,-49,-94,955,-0.12,-0.12,0.06,10.5,-30.75,19.75,110.1689815,-0.049,-0.094,0.955
0.001113229,-48,-93,954,0.12,-0.12,0.06,10.06,-30.75,21.37,111.3229167,-0.048,-0.093,0.954
0.001125787,-46,-93,955,0.06,-0.06,0.06,10.06,-29.69,21.75,112.5787037,-0.046,-0.093,0.955
0.001137153,-49,-92,958,0,-0.25,0.06,9.25,-30.75,20.06,113.7152778,-0.049,-0.092,0.958
0.001148542,-49,-92,953,0,0.06,-0.06,10.5,-30.75,20.56,114.8541667,-0.049,-0.092,0.953
0.001160035,-46,-93,957,0,0.19,-0.19,10.5,-31.19,19.75,116.0034722,-0.046,-0.093,0.957
0.001172639,-47,-93,955,0.06,0.12,-0.06,10.75,-30.75,20.56,117.2638889,-0.047,-0.093,0.955
0.001184201,-49,-92,954,0,-0.12,0.06,10.5,-30.75,21.25,118.4201389,-0.049,-0.092,0.954
0.001195602,-49,-94,952,-0.06,-0.25,0,10.5,-30.75,20.06,119.5601852,-0.049,-0.094,0.952
0.00120706,-52,-93,954,0,-0.12,0,10.5,-30.75,21,120.7060185,-0.052,-0.093,0.954
0.001218426,-48,-93,955,-0.06,0,-0.06,10.5,-29.25,21,121.8425926,-0.048,-0.093,0.955
0.00122985,-49,-93,954,0,0.12,-0.06,10.06,-30.75,21.37,122.9849537,-0.049,-0.093,0.954
0.001242523,-48,-93,955,0.06,0.06,0,10.06,-30.37,21,124.2523148,-0.048,-0.093,0.955
0.0012539,-50,-97,957,0,0.19,-0.19,10.5,-30.75,20.56,125.3900463,-0.05,-0.097,0.957
0.001265174,-48,-93,955,-0.06,-0.06,0.06,10.5,-30.75,21,126.5173611,-0.048,-0.093,0.955
0.001276655,-47,-92,954,0.06,0,0,10.5,-30.37,21.37,127.6655093,-0.047,-0.092,0.954
0.001289306,-47,-93,952,0.06,0.06,-0.06,12,-30.37,20.56,128.9305556,-0.047,-0.093,0.952
0.001300694,-46,-95,953,-0.06,0,-0.06,10.75,-30.37,20.06,130.0694444,-0.046,-0.095,0.953
0.001312025,-47,-93,954,0,0,0.06,9.69,-30.37,19.75,131.2025463,-0.047,-0.093,0.954
0.001323553,-49,-93,954,0.06,-0.06,0.06,10.06,-30,21.37,132.3553241,-0.049,-0.093,0.954
0.00133485,-49,-92,954,0,-0.12,0.06,10.5,-30.75,20.56,133.4849537,-0.049,-0.092,0.954
0.001347477,-50,-93,953,0.06,-0.06,0,10.5,-30.37,19.75,134.7476852,-0.05,-0.093,0.953
0.001359005,-46,-93,954,0,0,0,10.06,-31.87,20.06,135.900463,-0.046,-0.093,0.954
0.001370301,-48,-91,955,0.12,0.06,0.12,10.06,-31.06,19.25,137.0300926,-0.048,-0.091,0.955
0.001381644,-48,-94,956,0.06,0,-0.12,10.06,-30.75,20.06,138.1643519,-0.048,-0.094,0.956
0.001393171,-49,-92,954,0,0,-0.06,10.75,-30.75,21.37,139.3171296,-0.049,-0.092,0.954
0.001405984,-48,-93,955,0,0.06,0,10.75,-30.37,19.37,140.5983796,-0.048,-0.093,0.955
0.00141728,-48,-94,955,0.12,0.06,-0.12,10.75,-30.37,21,141.7280093,-0.048,-0.094,0.955
0.001428646,-49,-93,957,-0.06,0.06,0,10.5,-30,21,142.8645833,-0.049,-0.093,0.957
0.001440162,-48,-94,953,0,-0.25,0.06,10.5,-30.37,19.25,144.0162037,-0.048,-0.094,0.953
0.001452708,-47,-93,951,-0.06,-0.19,0,9.69,-30.37,21.37,145.2708333,-0.047,-0.093,0.951
0.001464109,-50,-94,955,-0.12,0.12,-0.06,10.06,-30.37,20.56,146.4108796,-0.05,-0.094,0.955
0.001475602,-47,-93,954,0,0,-0.06,10.06,-31.06,21,147.5601852,-0.047,-0.093,0.954
0.00148691,-50,-93,954,0.06,-0.06,-0.06,10.5,-30,20.56,148.6909722,-0.05,-0.093,0.954
0.001498426,-48,-93,957,-0.06,-0.06,0.12,10.5,-30.37,21,149.8425926,-0.048,-0.093,0.957
0.001511053,-49,-93,957,0.06,0.12,0,10.75,-30,20.06,151.1053241,-0.049,-0.093,0.957
0.001522442,-47,-92,952,0,0.06,0.06,11.19,-31.06,19,152.244213,-0.047,-0.092,0.952
0.001533831,-49,-94,954,-0.12,-0.12,0.06,10.75,-31.5,20.06,153.3831019,-0.049,-0.094,0.954
0.00154522,-47,-91,956,0.12,0,-0.06,10.06,-30.37,20.56,154.5219907,-0.047,-0.091,0.956
0.001556516,-49,-92,953,0,-0.19,0,10.5,-30.37,21,155.6516204,-0.049,-0.092,0.953
0.001569167,-47,-94,954,0,-0.06,0.12,10.5,-30.75,19.75,156.9166667,-0.047,-0.094,0.954
0.001580718,-50,-93,958,0.12,0,0,11.19,-30.37,21,158.0717593,-0.05,-0.093,0.958
0.001592014,-48,-90,955,0,-0.19,0.06,10.75,-30.37,21,159.2013889,-0.048,-0.09,0.955
0.001603391,-48,-94,955,-0.12,0,0,10.5,-29.69,20.56,160.3391204,-0.048,-0.094,0.955
0.001615984,-49,-93,956,0.12,-0.06,-0.12,10.75,-30.75,20.56,161.5983796,-0.049,-0.093,0.956
0.001627454,-48,-94,953,0,0.06,-0.06,10.5,-31.87,21.37,162.7453704,-0.048,-0.094,0.953
0.001638819,-49,-92,952,0,0,-0.06,10.5,-31.19,20.56,163.8819444,-0.049,-0.092,0.952
0.001650174,-46,-95,953,-0.06,0.06,0,10.06,-30.37,21,165.0173611,-0.046,-0.095,0.953
0.00166169,-47,-93,956,-0.06,-0.12,0,10.75,-31.5,20.06,166.1689815,-0.047,-0.093,0.956
0.001674271,-48,-94,953,0.06,-0.06,0.06,10.75,-30.37,20.06,167.4270833,-0.048,-0.094,0.953
0.001685799,-48,-91,954,0.06,0.12,-0.12,10.75,-29.69,19.37,168.5798611,-0.048,-0.091,0.954
0.001697083,-49,-92,957,-0.06,0.06,0,10.06,-30.37,20.06,169.7083333,-0.049,-0.092,0.957
0.001708472,-48,-94,955,0,-0.06,0.12,10.5,-31.19,21,170.8472222,-0.048,-0.094,0.955
0.001719884,-48,-94,952,0.12,0.06,-0.19,10.75,-31.19,21.75,171.9884259,-0.048,-0.094,0.952
0.001732569,-49,-93,954,-0.12,0.25,0,10.5,-30.37,20.06,173.2569444,-0.049,-0.093,0.954
0.001743877,-48,-91,953,0.06,-0.06,0,11.19,-30.75,19.75,174.3877315,-0.048,-0.091,0.953
0.001755255,-50,-94,954,0,0.06,0,10.06,-30.75,20.06,175.525463,-0.05,-0.094,0.954
0.001766725,-49,-93,957,0.06,-0.12,0,10.06,-30.37,20.06,176.6724537,-0.049,-0.093,0.957
0.001779363,-48,-91,955,0.06,0,0,10.5,-31.19,21.37,177.9363426,-0.048,-0.091,0.955
0.001790752,-49,-95,955,0.06,0.12,0,10.06,-29.69,20.06,179.0752315,-0.049,-0.095,0.955
0.00180213,-50,-93,953,0,-0.25,0.12,11.19,-31.19,20.06,180.212963,-0.05,-0.093,0.953
0.0018136,-47,-93,953,0,0.06,0,10.5,-30.37,19.37,181.3599537,-0.047,-0.093,0.953
0.001824977,-48,-92,954,0,0,0,11.19,-30.75,20.19,182.4976852,-0.048,-0.092,0.954
0.001837627,-46,-92,954,0.12,0.06,-0.19,10.75,-31.19,20.56,183.7627315,-0.046,-0.092,0.954
0.001849097,-48,-93,955,0.06,0.19,0,10.06,-31.19,20.06,184.9097222,-0.048,-0.093,0.955
0.001860486,-47,-94,956,0,-0.06,0,10.5,-30.75,20.56,186.0486111,-0.047,-0.094,0.956
0.001871852,-47,-92,954,0,0.12,0,12,-30.75,20.56,187.1851852,-0.047,-0.092,0.954
0.00188441,-50,-93,957,0.06,-0.06,-0.06,10.75,-31.19,20.06,188.4409722,-0.05,-0.093,0.957
0.001895775,-48,-93,956,-0.06,0.12,-0.12,9.69,-30.75,21.37,189.5775463,-0.048,-0.093,0.956
0.001907153,-50,-94,956,-0.06,-0.12,0,10.5,-31.19,19.75,190.7152778,-0.05,-0.094,0.956
0.001918634,-50,-96,952,-0.06,-0.06,-0.06,10.06,-31.5,21,191.8634259,-0.05,-0.096,0.952
0.00193,-50,-92,956,0.06,0,0,10.75,-31.5,20.56,193,-0.05,-0.092,0.956
0.001942662,-48,-95,955,0,-0.19,0,10.75,-30.37,20.56,194.2662037,-0.048,-0.095,0.955
0.001954086,-48,-93,956,0.06,0.19,-0.12,10.75,-30,20.56,195.4085648,-0.048,-0.093,0.956
0.001965451,-49,-92,956,0,0,0.06,10.75,-30.75,20.19,196.5451389,-0.049,-0.092,0.956
0.001976817,-46,-93,957,-0.06,-0.19,0.06,9.69,-30.75,21.37,197.681713,-0.046,-0.093,0.957
0.001989468,-49,-95,955,-0.06,0.06,0.12,10.5,-29.69,21.37,198.9467593,-0.049,-0.095,0.955
0.002000845,-48,-93,953,0,0,-0.12,10.06,-31.19,21,200.0844907,-0.048,-0.093,0.953
0.002012269,-49,-91,951,-0.06,-0.06,0,10.75,-30.75,20.06,201.2268519,-0.049,-0.091,0.951
0.002023715,-48,-93,955,0,0.12,-0.06,10.5,-31.19,20.56,202.3715278,-0.048,-0.093,0.955
0.002035116,-49,-94,955,0,-0.06,-0.06,9.69,-31.19,19.75,203.5115741,-0.049,-0.094,0.955
0.00204772,-48,-93,956,0,0.06,0,10.75,-30.75,21,204.7719907,-0.048,-0.093,0.956
0.00205919,-48,-95,956,0.06,0.19,0,9.69,-30.37,21,205.9189815,-0.048,-0.095,0.956
0.002070556,-48,-95,956,0.12,-0.06,-0.06,10.5,-30.75,21.75,207.0555556,-0.048,-0.095,0.956
0.002081898,-46,-91,955,-0.06,0.06,-0.19,9.69,-30.37,20.19,208.1898148,-0.046,-0.091,0.955
0.002093391,-50,-94,953,0,-0.06,0.06,10.06,-31.5,20.56,209.3391204,-0.05,-0.094,0.953
0.002105995,-48,-95,952,-0.06,0,0.12,10.5,-30,20.19,210.599537,-0.048,-0.095,0.952
0.002117373,-48,-93,954,0,-0.12,0.12,9.69,-30.37,20.19,211.7372685,-0.048,-0.093,0.954
0.002128819,-47,-95,955,0,0,-0.06,10.06,-30.37,19.75,212.8819444,-0.047,-0.095,0.955
0.002140174,-48,-92,958,0,0.12,-0.19,9.69,-30.75,21.37,214.0173611,-0.048,-0.092,0.958
0.002152801,-47,-91,954,-0.12,-0.06,0,9.69,-31.19,20.56,215.2800926,-0.047,-0.091,0.954
0.002164259,-49,-94,954,-0.06,0.06,0,11.19,-31.5,21.37,216.4259259,-0.049,-0.094,0.954
0.002175625,-50,-94,959,-0.06,-0.12,-0.06,9.69,-30,20.06,217.5625,-0.05,-0.094,0.959
0.002186991,-50,-93,954,0.12,0.06,-0.06,10.06,-30.75,20.06,218.6990741,-0.05,-0.093,0.954
0.002198333,-49,-94,952,0.06,-0.06,0,10.5,-30.75,21.75,219.8333333,-0.049,-0.094,0.952
0.002211053,-48,-93,955,0.06,0.06,0,9.69,-30.75,21,221.1053241,-0.048,-0.093,0.955
0.002222431,-50,-92,954,0.19,-0.06,-0.06,9.69,-30.37,19.75,222.2430556,-0.05,-0.092,0.954
0.002233912,-48,-93,956,-0.06,-0.06,0.06,10.5,-30.75,20.56,223.3912037,-0.048,-0.093,0.956
0.002245289,-47,-95,952,0.12,0,0.06,10.5,-30.37,21.37,224.5289352,-0.047,-0.095,0.952
0.002256667,-49,-93,954,0.06,0.12,0.12,10.75,-30.75,20.56,225.6666667,-0.049,-0.093,0.954
0.002269282,-47,-90,954,0,0,0.06,10.75,-30.75,21.37,226.9282407,-0.047,-0.09,0.954
0.002280741,-46,-95,956,0,-0.19,0.12,10.5,-30.75,21,228.0740741,-0.046,-0.095,0.956
0.002292095,-48,-95,955,0.06,-0.19,-0.06,11.19,-30.75,20.56,229.2094907,-0.048,-0.095,0.955
0.002303553,-49,-93,953,0,-0.12,0,10.5,-30,19.75,230.3553241,-0.049,-0.093,0.953
0.002316053,-49,-93,956,-0.06,-0.12,0,10.75,-31.87,20.19,231.6053241,-0.049,-0.093,0.956
0.002327535,-49,-95,954,0.12,-0.12,0,10.5,-30.37,20.19,232.7534722,-0.049,-0.095,0.954
0.002338889,-49,-92,957,-0.06,-0.19,0.12,10.75,-31.19,19.75,233.8888889,-0.049,-0.092,0.957
0.002350243,-46,-93,957,0.06,0.12,0.12,10.75,-30.37,20.56,235.0243056,-0.046,-0.093,0.957
0.002361736,-47,-94,956,-0.06,-0.19,0.12,10.06,-31.19,20.56,236.1736111,-0.047,-0.094,0.956
0.002374329,-48,-92,956,-0.06,-0.06,0.12,10.06,-31.19,20.56,237.4328704,-0.048,-0.092,0.956
0.002385799,-48,-94,957,0,0.19,-0.06,10.06,-30.37,20.56,238.5798611,-0.048,-0.094,0.957
0.002397188,-50,-94,956,0.06,0.12,-0.06,10.06,-31.19,20.06,239.71875,-0.05,-0.094,0.956
0.002408553,-50,-94,955,0.12,0,0.06,11.19,-30,20.06,240.8553241,-0.05,-0.094,0.955
0.00242015,-48,-93,954,0,-0.12,0.06,10.5,-30.75,20.56,242.0150463,-0.048,-0.093,0.954
0.002432824,-48,-92,955,0,-0.12,-0.06,10.5,-30.37,20.56,243.2824074,-0.048,-0.092,0.955
0.002444595,-50,-93,958,0,0,0,11.19,-30.75,21,244.4594907,-0.05,-0.093,0.958
0.002456192,-47,-95,954,0.06,-0.06,-0.12,11.56,-30.37,20.06,245.619213,-0.047,-0.095,0.954
0.002467616,-48,-94,953,0.06,0.06,0.06,10.75,-30.75,20.56,246.7615741,-0.048,-0.094,0.953
0.00247934,-49,-93,954,-0.06,0,0,10.06,-31.5,20.56,247.9340278,-0.049,-0.093,0.954
0.002490926,-49,-93,955,0,0.12,0,10.5,-30.37,19.75,249.0925926,-0.049,-0.093,0.955
0.002502836,-48,-93,956,0,0.06,0.06,10.5,-31.19,20.06,250.2835648,-0.048,-0.093,0.956
0.002514306,-46,-94,956,0,0,0,11.19,-31.19,19.75,251.4305556,-0.046,-0.094,0.956
0.002525868,-47,-92,954,0,-0.06,0.12,10.75,-30.37,21,252.5868056,-0.047,-0.092,0.954
0.002537442,-50,-93,956,-0.12,0,-0.06,10.75,-30.37,19.75,253.744213,-0.05,-0.093,0.956
0.002549028,-47,-94,954,0.06,0,0,10.06,-30.37,21,254.9027778,-0.047,-0.094,0.954
0.002560671,-49,-95,955,0.12,0.06,-0.12,10.5,-30.37,21,256.0671296,-0.049,-0.095,0.955
0.002572049,-48,-93,954,0,0.12,0,10.5,-31.5,20.56,257.2048611,-0.048,-0.093,0.954
0.002583461,-48,-92,954,-0.06,0.06,0,10.75,-30.75,21,258.3460648,-0.048,-0.092,0.954
0.002595185,-47,-93,955,0,-0.06,0,10.06,-30.75,20.56,259.5185185,-0.047,-0.093,0.955
0.002607917,-49,-94,956,0.12,0.06,-0.06,9.69,-31.19,20.19,260.7916667,-0.049,-0.094,0.956
0.002619479,-48,-95,957,0.06,-0.06,-0.12,10.5,-30.75,20.56,261.9479167,-0.048,-0.095,0.957
0.002630787,-47,-94,955,0,0,0.06,10.06,-30,20.19,263.0787037,-0.047,-0.094,0.955
0.00264213,-49,-92,958,0.06,0.12,0.06,10.75,-31.19,21,264.212963,-0.049,-0.092,0.958
0.002653657,-47,-94,955,0,0,0,9.69,-30.75,20.19,265.3657407,-0.047,-0.094,0.955
0.002666227,-48,-95,954,0,-0.12,0,10.75,-30.37,20.56,266.6226852,-0.048,-0.095,0.954
0.002677581,-49,-92,957,0.06,0,0.06,11.19,-29.69,19.37,267.7581019,-0.049,-0.092,0.957
0.002689109,-48,-93,956,0,0,0,10.5,-30,19.37,268.9108796,-0.048,-0.093,0.956
0.00270044,-49,-92,955,-0.06,0.19,0,10.5,-30,20.56,270.0439815,-0.049,-0.092,0.955
0.002713021,-49,-94,958,0.06,0,0,11.19,-30.37,20.56,271.3020833,-0.049,-0.094,0.958
0.002724387,-46,-95,953,0.06,0.12,-0.06,10.75,-30,20.56,272.4386574,-0.046,-0.095,0.953
0.002735845,-48,-95,954,-0.12,-0.06,0,10.5,-31.19,21,273.5844907,-0.048,-0.095,0.954
0.002747211,-48,-93,955,0.06,0.06,0,10.75,-30.75,19.37,274.7210648,-0.048,-0.093,0.955
0.002758738,-48,-93,953,0.12,-0.25,0.06,9.69,-31.19,19.75,275.8738426,-0.048,-0.093,0.953
0.002771366,-49,-95,953,0,-0.12,0,10.5,-30.75,19.75,277.1365741,-0.049,-0.095,0.953
0.002782662,-49,-94,954,0.06,0.06,-0.06,10.06,-30.75,21,278.2662037,-0.049,-0.094,0.954
0.002794178,-47,-94,954,-0.06,-0.06,-0.06,10.75,-29.25,20.56,279.4178241,-0.047,-0.094,0.954
0.002805475,-48,-94,956,0,0.06,-0.06,10.06,-30.37,20.56,280.5474537,-0.048,-0.094,0.956
0.00281684,-49,-94,957,0.06,-0.19,0,9.69,-30.37,19.75,281.6840278,-0.049,-0.094,0.957
0.002829618,-47,-94,955,0,-0.06,-0.06,9.69,-30.37,19.75,282.9618056,-0.047,-0.094,0.955
0.002840914,-48,-94,953,0,0.06,-0.12,9.69,-29.69,19.75,284.0914352,-0.048,-0.094,0.953
0.002852384,-49,-93,954,0.12,-0.12,0.06,10.06,-30.75,20.19,285.2384259,-0.049,-0.093,0.954
0.002863785,-48,-94,955,0,-0.19,-0.06,10.5,-31.19,19.75,286.3784722,-0.048,-0.094,0.955
0.002876412,-49,-90,956,0,0.12,-0.06,10.5,-31.19,20.56,287.6412037,-0.049,-0.09,0.956
0.002887708,-48,-93,957,-0.06,0,0.06,10.5,-30.37,21,288.7708333,-0.048,-0.093,0.957
0.002899144,-49,-94,955,0,0.25,0.06,9.25,-31.19,20.19,289.9143519,-0.049,-0.094,0.955
0.002910498,-48,-94,956,-0.06,0.12,0.06,10.5,-30.37,20.56,291.0497685,-0.048,-0.094,0.956
0.002921944,-49,-96,956,0.06,0.06,-0.06,10.75,-29.69,20.19,292.1944444,-0.049,-0.096,0.956
0.002934572,-47,-94,952,-0.06,-0.06,-0.06,10.75,-30.37,19.37,293.4571759,-0.047,-0.094,0.952
0.002945949,-48,-91,953,0,-0.06,0.12,10.06,-30.37,20.56,294.5949074,-0.048,-0.091,0.953
0.002957384,-46,-93,954,0.06,-0.12,0,10.75,-30.75,19.75,295.7384259,-0.046,-0.093,0.954
0.002968738,-49,-95,956,-0.06,0,0,10.75,-30,20.56,296.8738426,-0.049,-0.095,0.956
0.002981354,-47,-93,953,-0.06,-0.12,-0.12,10.75,-31.19,20.19,298.1354167,-0.047,-0.093,0.953
0.002992847,-47,-93,956,-0.06,0.06,0,10.5,-30.37,20.56,299.2847222,-0.047,-0.093,0.956
0.003004201,-49,-92,956,-0.06,-0.19,-0.12,10.75,-30.37,21,300.4201389,-0.049,-0.092,0.956
0.003015729,-50,-93,954,0,0.06,-0.06,10.5,-30,21,301.5729167,-0.05,-0.093,0.954
0.003027014,-50,-96,954,0.06,0.06,0,10.06,-31.19,21.37,302.7013889,-0.05,-0.096,0.954
0.003039618,-48,-92,953,0,-0.06,-0.06,10.5,-30.37,20.19,303.9618056,-0.048,-0.092,0.953
0.003051088,-48,-94,954,0.06,0.12,-0.19,10.06,-30.75,20.56,305.1087963,-0.048,-0.094,0.954
0.003062639,-49,-97,953,0.06,0,0.06,10.5,-30.75,21.37,306.2638889,-0.049,-0.097,0.953
0.00307412,-49,-95,957,0,0.06,0.06,11.56,-30.75,19.37,307.412037,-0.049,-0.095,0.957
0.003085498,-51,-94,956,0.12,0,-0.06,10.5,-31.5,21.37,308.5497685,-0.051,-0.094,0.956
0.003098148,-48,-93,957,0.06,0,0,10.06,-30.37,20.56,309.8148148,-0.048,-0.093,0.957
0.003109444,-49,-94,956,0.06,0.12,0,10.75,-30.37,21,310.9444444,-0.049,-0.094,0.956
0.003120845,-47,-93,956,-0.12,-0.06,0.12,10.06,-30.37,20.19,312.0844907,-0.047,-0.093,0.956
0.003132326,-47,-93,954,-0.06,0.19,-0.06,10.06,-30.75,21.37,313.2326389,-0.047,-0.093,0.954
0.003143715,-48,-93,955,0.12,0.06,-0.06,9.69,-30.37,20.19,314.3715278,-0.048,-0.093,0.955
0.003156343,-48,-93,956,-0.06,-0.19,0.12,10.06,-30.75,21.37,315.6342593,-0.048,-0.093,0.956
0.00316772,-51,-94,955,0,0,0.06,10.06,-30.37,21,316.7719907,-0.051,-0.094,0.955
0.003179213,-47,-94,957,-0.06,-0.06,0.12,11.56,-30.75,21,317.9212963,-0.047,-0.094,0.957
0.003190579,-49,-93,957,0.06,0.25,-0.12,10.06,-30.37,20.19,319.0578704,-0.049,-0.093,0.957
0.003203218,-48,-95,956,0.12,-0.19,0.12,11.19,-30.37,19.37,320.3217593,-0.048,-0.095,0.956
0.003214537,-44,-95,956,0,0.06,0,10.5,-30.75,21,321.4537037,-0.044,-0.095,0.956
0.00322588,-49,-92,953,0.06,-0.06,-0.19,9.69,-31.5,21,322.587963,-0.049,-0.092,0.953
0.003237396,-49,-92,957,0.06,0.06,0.06,9.69,-31.19,19.75,323.7395833,-0.049,-0.092,0.957
0.003248796,-48,-94,954,0,0,0,10.06,-30.37,20.56,324.8796296,-0.048,-0.094,0.954
0.003261389,-47,-94,955,0,-0.06,-0.12,10.5,-31.19,19.37,326.1388889,-0.047,-0.094,0.955
0.003272743,-45,-93,956,0,0,0,10.5,-30.75,21.37,327.2743056,-0.045,-0.093,0.956
0.003284144,-49,-94,957,0,-0.19,-0.06,10.75,-31.19,20.56,328.4143519,-0.049,-0.094,0.957
0.003295521,-48,-95,956,0.12,0.19,0.06,10.5,-30.37,21,329.5520833,-0.048,-0.095,0.956
0.003306991,-51,-93,959,0.06,0.12,-0.12,11.19,-30.75,20.56,330.6990741,-0.051,-0.093,0.959
0.003319641,-49,-92,955,0,0,0.12,10.06,-31.19,20.56,331.9641204,-0.049,-0.092,0.955
0.003331065,-48,-91,956,0,-0.06,-0.06,10.5,-30.37,20.19,333.1064815,-0.048,-0.091,0.956
0.003342338,-48,-92,957,0.06,-0.06,0.06,10.5,-30.37,21,334.2337963,-0.048,-0.092,0.957
0.003353889,-48,-94,954,-0.12,0.12,0,10.5,-30.75,20.19,335.3888889,-0.048,-0.094,0.954
0.003366505,-49,-95,958,0,0,-0.06,11.19,-30,20.56,336.650463,-0.049,-0.095,0.958
0.003377836,-49,-92,955,-0.06,-0.06,0,10.06,-31.19,20.56,337.7835648,-0.049,-0.092,0.955
0.003389306,-48,-95,954,-0.06,-0.06,0.06,10.06,-31.19,20.19,338.9305556,-0.048,-0.095,0.954
0.00340066,-49,-92,953,0.06,0,0,10.75,-30.37,22.19,340.0659722,-0.049,-0.092,0.953
0.003412188,-48,-94,954,-0.06,0.19,-0.06,10.5,-30.37,19.75,341.21875,-0.048,-0.094,0.954
0.003423657,-50,-94,955,-0.06,0,0,11.19,-31.19,21.37,342.3657407,-0.05,-0.094,0.955
0.003436285,-49,-94,955,0,0.06,0.06,11.19,-29.25,19.37,343.6284722,-0.049,-0.094,0.955
0.00344765,-45,-93,952,0.06,0,0,9.69,-30.37,19.75,344.7650463,-0.045,-0.093,0.952
0.003459109,-49,-92,953,0,0.06,0,10.5,-30.37,20.56,345.9108796,-0.049,-0.092,0.953
0.003470463,-49,-93,956,0,0,0,10.5,-30.75,19.75,347.0462963,-0.049,-0.093,0.956
0.003483102,-47,-96,953,0,0.06,0.06,9.25,-30.37,19.75,348.3101852,-0.047,-0.096,0.953
0.003494479,-49,-95,955,0,0.19,0,10.5,-30.75,20.56,349.4479167,-0.049,-0.095,0.955
0.003505891,-49,-94,953,-0.06,0.12,0.12,10.5,-30,21,350.5891204,-0.049,-0.094,0.953
0.003517269,-48,-93,953,-0.12,-0.06,0.06,10.75,-31.5,20.56,351.7268519,-0.048,-0.093,0.953
0.00352875,-50,-93,954,0,0,0,10.75,-30.75,20.19,352.875,-0.05,-0.093,0.954
0.003541412,-48,-92,954,-0.06,0.06,-0.12,10.75,-29.69,21.37,354.1412037,-0.048,-0.092,0.954
0.003552778,-48,-93,955,0,-0.12,-0.06,9.69,-30.75,20.19,355.2777778,-0.048,-0.093,0.955
0.003564225,-48,-94,956,-0.06,0.06,-0.06,9.69,-30,20.56,356.4224537,-0.048,-0.094,0.956
0.003575764,-45,-92,956,-0.06,-0.19,0.12,11.19,-30.75,20.19,357.5763889,-0.045,-0.092,0.956
0.00358713,-48,-93,956,0.12,0.12,0.06,10.75,-30.75,21,358.712963,-0.048,-0.093,0.956
0.003599699,-47,-95,952,0.06,-0.19,0,10.06,-30,20.19,359.9699074,-0.047,-0.095,0.952
0.003611215,-48,-95,956,0.06,0,-0.06,10.75,-29.69,19.75,361.1215278,-0.048,-0.095,0.956
0.003622569,-50,-91,955,0,0,0,9.69,-31.19,21.37,362.2569444,-0.05,-0.091,0.955
0.003634039,-48,-96,954,-0.06,0,0,10.75,-31.19,20.19,363.4039352,-0.048,-0.096,0.954
0.00364559,-50,-94,955,0.12,0.06,-0.12,11.19,-30.75,21,364.5590278,-0.05,-0.094,0.955
0.003658252,-49,-92,956,0.12,0.12,-0.06,10.5,-30,20.19,365.8252315,-0.049,-0.092,0.956
0.003669664,-47,-94,955,0.06,-0.06,0.12,11.56,-30.37,20.56,366.9664352,-0.047,-0.094,0.955
0.003681146,-48,-94,955,0,0.12,0.12,10.06,-30.75,20.56,368.1145833,-0.048,-0.094,0.955
0.003692523,-50,-93,953,0.06,0.06,0,10.06,-30,20.56,369.2523148,-0.05,-0.093,0.953
0.003704016,-49,-93,953,0,0,0.19,10.06,-30,20.56,370.4016204,-0.049,-0.093,0.953
0.003715394,-51,-94,955,0.06,0.12,0,9.69,-31.5,20.56,371.5393519,-0.051,-0.094,0.955
0.003728056,-48,-93,957,-0.06,0,0.06,10.5,-30,19.37,372.8055556,-0.048,-0.093,0.957
0.003739468,-47,-92,954,0,0,0,10.5,-30.75,21,373.9467593,-0.047,-0.092,0.954
0.003750926,-50,-95,953,0.12,0.19,-0.06,10.75,-31.19,21,375.0925926,-0.05,-0.095,0.953
0.003762269,-48,-94,953,0,-0.06,0.06,10.75,-30.75,19.75,376.2268519,-0.048,-0.094,0.953
0.003775069,-46,-93,952,-0.06,0.06,0.06,10.5,-30.37,21,377.5069444,-0.046,-0.093,0.952
0.003786389,-49,-93,953,0,-0.19,0.06,9.69,-30.75,19.75,378.6388889,-0.049,-0.093,0.953
0.003797766,-48,-92,954,0,0.12,0.06,11.19,-30,20.56,379.7766204,-0.048,-0.092,0.954
0.003809132,-49,-93,954,0.06,-0.06,-0.06,10.75,-29.69,21.37,380.9131944,-0.049,-0.093,0.954
0.003820602,-49,-91,956,-0.06,-0.06,0,10.75,-30.75,21,382.0601852,-0.049,-0.091,0.956
0.003833241,-51,-92,956,0.06,0,0,10.5,-30.75,20.56,383.3240741,-0.051,-0.092,0.956
0.003848414,-48,-94,955,0,0,0.06,11.19,-31.5,21,384.8414352,-0.048,-0.094,0.955
0.003855926,-47,-92,958,0,0,-0.12,10.75,-30.75,20.56,385.5925926,-0.047,-0.092,0.958
0.003867315,-50,-93,955,0.06,-0.06,-0.06,10.75,-31.19,21.75,386.7314815,-0.05,-0.093,0.955
0.003879873,-48,-93,953,0,0.06,-0.06,10.5,-31.19,20.56,387.9872685,-0.048,-0.093,0.953
0.003891262,-48,-94,955,0.06,0.12,0,10.5,-30.37,20.56,389.1261574,-0.048,-0.094,0.955
0.003902627,-51,-90,954,-0.06,0.06,-0.06,10.75,-30.37,19.75,390.2627315,-0.051,-0.09,0.954
0.003914144,-47,-93,956,0,-0.06,0,10.5,-31.19,20.19,391.4143519,-0.047,-0.093,0.956
0.003925532,-46,-91,953,0.06,0.12,-0.12,10.06,-30.75,20.19,392.5532407,-0.046,-0.091,0.953
0.003938183,-50,-93,958,-0.06,0,0,10.5,-31.19,19.75,393.818287,-0.05,-0.093,0.958
0.003949572,-48,-94,954,0,0.12,0,10.75,-31.5,20.56,394.9571759,-0.048,-0.094,0.954
0.003960868,-49,-94,956,0,-0.19,0.06,10.5,-31.19,21.37,396.0868056,-0.049,-0.094,0.956
0.003972245,-48,-93,954,-0.06,-0.19,-0.06,11.56,-31.19,20.56,397.224537,-0.048,-0.093,0.954
0.003984873,-46,-94,954,0.06,0,0,10.5,-30.37,20.19,398.4872685,-0.046,-0.094,0.954
0.003996331,-51,-93,954,0.06,0,0,10.75,-31.5,20.56,399.6331019,-0.051,-0.093,0.954
0.004007708,-49,-93,957,0.06,-0.06,0.06,11.19,-30,20.19,400.7708333,-0.049,-0.093,0.957
0.004019236,-47,-95,955,-0.06,0,0.06,11.56,-31.19,21.37,401.9236111,-0.047,-0.095,0.955
0.004030509,-48,-94,957,-0.06,-0.12,0.06,10.75,-31.5,20.56,403.0509259,-0.048,-0.094,0.957
0.00404331,-47,-96,954,0,-0.12,0,10.75,-30.75,21,404.3310185,-0.047,-0.096,0.954
0.004054838,-50,-92,956,-0.06,0.06,-0.06,10.5,-31.19,19.37,405.4837963,-0.05,-0.092,0.956
0.004066134,-47,-95,953,0.12,0,0,10.06,-30.75,20.19,406.6134259,-0.047,-0.095,0.953
0.004077512,-49,-91,955,0.06,-0.06,0,10.75,-30.37,21.75,407.7511574,-0.049,-0.091,0.955
0.004089028,-48,-93,954,0.12,0.06,0.12,10.06,-30,21,408.9027778,-0.048,-0.093,0.954
0.004101586,-50,-94,958,0,-0.06,-0.06,11.19,-30.37,21,410.1585648,-0.05,-0.094,0.958
0.004112951,-46,-95,955,0.06,0.06,0.12,10.75,-30.75,20.19,411.2951389,-0.046,-0.095,0.955
0.004124502,-46,-93,957,0,0,0,11.19,-31.19,21,412.4502315,-0.046,-0.093,0.957
0.004135914,-47,-92,957,-0.06,-0.12,0.12,11.19,-29.25,20.19,413.5914352,-0.047,-0.092,0.957
0.004147292,-48,-94,957,0.06,-0.12,-0.06,10.06,-30.75,20.19,414.7291667,-0.048,-0.094,0.957
0.004160104,-47,-96,953,0,0.12,0.06,11.19,-30.37,19.75,416.0104167,-0.047,-0.096,0.953
0.004171412,-49,-93,955,0,-0.12,0,10.06,-30,20.56,417.1412037,-0.049,-0.093,0.955
0.004182801,-47,-95,953,0.12,-0.25,0.12,10.06,-30,20.19,418.2800926,-0.047,-0.095,0.953
0.004194144,-49,-94,956,0,0.12,-0.06,10.06,-30.37,21.37,419.4143519,-0.049,-0.094,0.956
0.004205613,-50,-93,956,0.12,-0.06,0.06,10.75,-30.37,19.75,420.5613426,-0.05,-0.093,0.956
0.004218229,-50,-95,955,0,-0.06,-0.06,10.5,-30.75,21.75,421.8229167,-0.05,-0.095,0.955
0.004229618,-49,-92,956,-0.19,0,0.06,10.06,-30.75,20.56,422.9618056,-0.049,-0.092,0.956
0.004241076,-49,-95,954,0.06,0.06,-0.12,11.19,-30,20.19,424.1076389,-0.049,-0.095,0.954
0.004252442,-51,-94,954,-0.06,-0.12,0,10.5,-30.37,20.19,425.244213,-0.051,-0.094,0.954
0.004265174,-49,-93,957,0,0,0,10.5,-30.75,19.75,426.5173611,-0.049,-0.093,0.957
0.004276551,-48,-93,956,0,0.06,0.12,10.5,-30,20.56,427.6550926,-0.048,-0.093,0.956
0.004287836,-48,-95,953,-0.06,0,0.06,10.5,-30.75,21.37,428.7835648,-0.048,-0.095,0.953
0.004299225,-47,-93,957,-0.06,-0.12,0,10.5,-30.37,21.75,429.9224537,-0.047,-0.093,0.957
0.004310706,-50,-93,956,0.12,-0.06,-0.06,10.75,-31.19,20.56,431.0706019,-0.05,-0.093,0.956
0.004323333,-48,-94,954,0.12,0.12,-0.12,9.69,-31.19,22.19,432.3333333,-0.048,-0.094,0.954
0.004334734,-48,-95,956,-0.06,-0.12,0,10.5,-30.37,19.75,433.4733796,-0.048,-0.095,0.956
0.0043461,-46,-95,954,0,-0.12,0.12,10.75,-31.19,21,434.6099537,-0.046,-0.095,0.954
0.004357569,-49,-94,955,0.06,-0.06,-0.19,10.75,-30,20.19,435.7569444,-0.049,-0.094,0.955
0.004368947,-48,-93,957,-0.06,-0.06,0,10.06,-30.37,20.19,436.8946759,-0.048,-0.093,0.957
0.004381586,-49,-93,954,0,0.06,0.06,10.5,-30.37,19.75,438.1585648,-0.049,-0.093,0.954
0.004392917,-48,-95,954,-0.12,0,0.12,10.5,-30.75,19.75,439.2916667,-0.048,-0.095,0.954
0.004404259,-47,-93,958,-0.06,0,-0.06,10.75,-31.19,21.37,440.4259259,-0.047,-0.093,0.958
0.004415822,-49,-93,956,0,0.06,0.06,10.06,-30.75,19.37,441.5821759,-0.049,-0.093,0.956
0.004427303,-45,-92,954,0.06,0.06,0.06,10.75,-30,20.19,442.7303241,-0.045,-0.092,0.954
0.004438993,-48,-93,954,0.12,0,0.12,10.75,-30,20.56,443.8993056,-0.048,-0.093,0.954
0.004451887,-50,-94,956,0.06,0.06,-0.06,10.5,-31.5,21,445.1886574,-0.05,-0.094,0.956
0.004463356,-49,-94,957,-0.12,0.12,0.06,10.5,-30.75,20.56,446.3356481,-0.049,-0.094,0.957
0.004474745,-49,-93,956,-0.06,-0.19,-0.12,10.06,-30.75,20.19,447.474537,-0.049,-0.093,0.956
0.004486065,-49,-93,953,0,0.06,0,10.5,-30.37,21,448.6064815,-0.049,-0.093,0.953
0.004497546,-48,-95,956,0.12,0.06,-0.12,10.06,-30.37,19.75,449.7546296,-0.048,-0.095,0.956
0.00451015,-48,-92,954,0.06,-0.31,0,10.75,-30.75,20.56,451.0150463,-0.048,-0.092,0.954
0.004521458,-48,-92,956,-0.06,0,-0.06,10.06,-30.37,19.37,452.1458333,-0.048,-0.092,0.956
0.004532928,-49,-92,952,-0.06,-0.06,-0.06,10.5,-31.19,20.19,453.2928241,-0.049,-0.092,0.952
0.004544294,-47,-93,954,-0.12,-0.12,0.12,10.06,-30.75,20.19,454.4293981,-0.047,-0.093,0.954
0.004555683,-50,-94,952,0,-0.06,0.06,11.19,-31.19,20.19,455.568287,-0.05,-0.094,0.952
0.004568403,-47,-93,954,0.06,-0.06,0,10.06,-31.19,20.56,456.8402778,-0.047,-0.093,0.954
0.004579815,-49,-92,955,-0.06,0.12,-0.12,10.5,-30.75,21.37,457.9814815,-0.049,-0.092,0.955
0.004591169,-47,-95,956,-0.12,0.19,0,10.75,-30,20.56,459.1168981,-0.047,-0.095,0.956
0.004602488,-48,-90,957,-0.06,0.06,0.06,10.06,-30.75,20.56,460.2488426,-0.048,-0.09,0.957
0.004614028,-50,-93,955,-0.06,0,0,10.75,-30,20.56,461.4027778,-0.05,-0.093,0.955
0.004626609,-49,-93,952,0.06,0.06,0,10.06,-31.5,20.19,462.6608796,-0.049,-0.093,0.952
0.004637917,-47,-92,954,0,0.06,0.06,10.5,-30.75,20.19,463.7916667,-0.047,-0.092,0.954
0.004649456,-50,-94,956,0.06,-0.19,0,10.75,-30.37,20.56,464.9456019,-0.05,-0.094,0.956
0.004660787,-50,-95,957,0.12,-0.19,-0.06,10.5,-30.37,21.37,466.0787037,-0.05,-0.095,0.957
0.004673356,-50,-94,955,0.12,-0.12,-0.12,10.5,-31.19,19.75,467.3356481,-0.05,-0.094,0.955
0.004684884,-47,-93,957,0.12,-0.06,0,11.19,-31.19,20.19,468.4884259,-0.047,-0.093,0.957
0.00469625,-46,-93,955,-0.06,0.06,0,10.5,-30,19.37,469.625,-0.046,-0.093,0.955
0.004707535,-48,-93,956,-0.06,0,0.12,10.75,-30.75,20.56,470.7534722,-0.048,-0.093,0.956
0.004720313,-50,-94,954,0.06,0,0,10.5,-30.37,20.19,472.03125,-0.05,-0.094,0.954
0.004731678,-50,-96,954,0,0.06,0,10.75,-30.75,21,473.1678241,-0.05,-0.096,0.954
0.004743241,-48,-94,954,0.06,-0.06,0,9.25,-30.75,19.37,474.3240741,-0.048,-0.094,0.954
0.004754699,-47,-93,955,0,0,0,10.5,-30.75,19.75,475.4699074,-0.047,-0.093,0.955
0.004766042,-51,-94,954,-0.06,-0.06,0.06,10.06,-30.75,21,476.6041667,-0.051,-0.094,0.954
0.004777431,-48,-94,958,-0.06,-0.12,0.06,10.06,-31.19,20.56,477.7430556,-0.048,-0.094,0.958
0.004790093,-48,-93,957,0,0.06,0.06,9.69,-30.37,20.19,479.0092593,-0.048,-0.093,0.957
0.00480147,-51,-92,953,-0.06,0.12,0.06,10.06,-29.69,21.37,480.1469907,-0.051,-0.092,0.953
0.004812836,-49,-92,952,-0.06,-0.19,-0.06,10.5,-30.37,19.37,481.2835648,-0.049,-0.092,0.952
0.004824306,-49,-91,958,-0.06,0.12,0.12,10.5,-30,20.19,482.4305556,-0.049,-0.091,0.958
0.004836944,-52,-94,954,0.12,0,0,10.5,-31.19,20.56,483.6944444,-0.052,-0.094,0.954
0.004848333,-48,-94,955,-0.06,0.12,0.06,10.5,-30.37,21.37,484.8333333,-0.048,-0.094,0.955
0.004859641,-48,-92,957,0,0.06,-0.06,9.25,-30,19.37,485.9641204,-0.048,-0.092,0.957
0.004871157,-51,-95,956,-0.12,0.25,-0.12,9.69,-31.19,19,487.1157407,-0.051,-0.095,0.956
0.004882697,-47,-93,956,-0.06,-0.06,0,10.75,-30.37,19.75,488.2696759,-0.047,-0.093,0.956
0.004894167,-47,-94,955,0,0,0.06,10.06,-31.19,20.56,489.4166667,-0.047,-0.094,0.955
0.004906794,-50,-93,954,-0.12,0.12,-0.06,10.06,-30.75,20.56,490.6793981,-0.05,-0.093,0.954
0.004918148,-48,-93,953,0.06,0.25,-0.19,11.19,-31.87,19,491.8148148,-0.048,-0.093,0.953
0.004929618,-48,-93,951,-0.06,-0.19,0.12,10.5,-31.19,20.56,492.9618056,-0.048,-0.093,0.951
0.004940961,-49,-92,955,0.12,0.06,-0.12,10.75,-31.19,20.56,494.0960648,-0.049,-0.092,0.955
0.004953588,-48,-94,954,0,0.19,-0.06,9.25,-30,21,495.3587963,-0.048,-0.094,0.954
0.004965046,-50,-90,956,-0.12,0.12,0.06,10.75,-30.75,20.19,496.5046296,-0.05,-0.09,0.956
0.004976412,-45,-93,958,0.12,-0.12,0.19,10.75,-30.37,20.56,497.6412037,-0.045,-0.093,0.958
0.004987766,-49,-95,954,0,-0.12,0,10.75,-30.37,20.19,498.7766204,-0.049,-0.095,0.954
0.005000498,-49,-93,954,-0.06,0.06,0,10.75,-31.19,20.56,500.0497685,-0.049,-0.093,0.954
0.005011863,-51,-93,953,0,-0.19,0.06,10.5,-30,21,501.1863426,-0.051,-0.093,0.953
0.005023171,-48,-95,954,0.06,0,-0.06,10.5,-30.37,20.56,502.3171296,-0.048,-0.095,0.954
0.005034653,-50,-93,955,0,-0.06,0,10.06,-31.19,22.19,503.4652778,-0.05,-0.093,0.955
0.005046042,-48,-94,954,0,0,0,10.75,-30.75,19.75,504.6041667,-0.048,-0.094,0.954
0.005058692,-46,-93,955,0.06,0,-0.06,10.06,-30.75,21,505.869213,-0.046,-0.093,0.955
0.00507,-48,-94,954,0,-0.06,-0.06,10.06,-30,20.56,507,-0.048,-0.094,0.954
0.005081366,-49,-95,955,0,-0.12,-0.06,11.19,-30.37,21.75,508.1365741,-0.049,-0.095,0.955
0.005092743,-49,-93,952,0,0.25,0.06,10.06,-31.5,20.19,509.2743056,-0.049,-0.093,0.952
0.005104213,-48,-94,954,-0.06,-0.06,0.06,10.75,-31.19,21,510.4212963,-0.048,-0.094,0.954
0.005116852,-49,-94,956,0.06,0.06,-0.06,10.5,-30.75,19.75,511.6851852,-0.049,-0.094,0.956
0.005128252,-47,-95,956,-0.06,-0.12,-0.06,10.75,-30.37,20.56,512.8252315,-0.047,-0.095,0.956
0.005140035,-50,-92,954,-0.06,0.12,0.06,10.06,-30,21,514.0034722,-0.05,-0.092,0.954
0.005151493,-47,-93,954,0,-0.12,0,9.69,-30.75,20.19,515.1493056,-0.047,-0.093,0.954
0.005163414,-49,-93,955,0,-0.06,-0.06,9.69,-30.75,20.56,516.3414352,-0.049,-0.093,0.955
0.005174884,-48,-95,957,-0.06,-0.06,0,9.69,-31.19,20.56,517.4884259,-0.048,-0.095,0.957
0.005186331,-49,-95,953,0.19,0.12,0.06,10.06,-30.75,21,518.6331019,-0.049,-0.095,0.953
0.005197789,-49,-94,954,-0.12,0.12,0,10.75,-31.5,20.56,519.7789352,-0.049,-0.094,0.954
0.005209363,-48,-94,955,0,0.06,0,11.19,-30.37,20.56,520.9363426,-0.048,-0.094,0.955
0.005220938,-49,-92,955,0.06,-0.12,0,10.5,-30.37,20.56,522.09375,-0.049,-0.092,0.955
0.005233681,-49,-95,957,-0.06,-0.06,0.06,10.5,-30.37,20.56,523.3680556,-0.049,-0.095,0.957
0.005245243,-48,-94,956,0.06,0.12,0,9.69,-31.19,20.56,524.5243056,-0.048,-0.094,0.956
0.005256817,-49,-96,955,-0.06,-0.06,0.06,10.5,-30.75,20.19,525.681713,-0.049,-0.096,0.955
0.005268507,-48,-95,956,0.06,0.06,0.06,10.06,-30.37,20.56,526.8506944,-0.048,-0.095,0.956
0.00528,-49,-93,955,0.06,-0.06,0,10.75,-30.37,20.56,528,-0.049,-0.093,0.955
0.005291609,-48,-95,956,0,0,0,10.5,-31.19,19.75,529.1608796,-0.048,-0.095,0.956
0.005302986,-48,-94,952,-0.06,0.06,0,11.19,-30.37,20.19,530.2986111,-0.048,-0.094,0.952
0.005314583,-49,-95,956,0,0.06,0.06,10.75,-30,21.75,531.4583333,-0.049,-0.095,0.956
0.005325995,-48,-92,955,0.06,-0.12,0.06,9.69,-30.75,21.37,532.599537,-0.048,-0.092,0.955
