2.77778E-07,0.023577,0.012932,-9.847169,-0.000453,-0.000132,0.0003,30.443246,0.434585,-7.939452,0.027777778
2.77778E-07,0.018771,0.008131,-9.847169,0.000213,0.0008,0.000166,29.004819,-0.864902,-7.741619,0.027777778
2.60417E-06,0.023577,0.003329,-9.847169,-0.00032,0.000534,0.0003,30.603071,-1.607466,-9.324287,0.260416667
5.16204E-06,0.018771,0.012932,-9.832865,-0.000586,0.0012,0.000699,30.603071,-1.978749,-9.719955,0.516203704
6.50463E-06,0.023577,0.012932,-9.823328,0.00008,-0.000398,0.000965,29.644124,0.620226,-8.928621,0.650462963
9.07407E-06,0.023577,0.003329,-9.809023,0.00008,0.0008,0.000166,29.803949,0.434585,-8.730786,0.907407407
2.78125E-05,0.009158,0.003329,-9.847169,0.000479,-0.000265,0.0003,30.443246,-0.307979,-7.939452,2.78125
2.78125E-05,0.028384,0.008131,-9.842401,0.00008,-0.000265,0.000699,31.562023,0.248944,-10.115622,2.78125
2.78125E-05,0.03319,-0.001472,-9.847169,0.000213,-0.000132,-0.000233,30.123598,-2.906954,-8.335121,2.78125
2.78125E-05,0.028384,0.003329,-9.823328,0.00008,-0.000265,0.000433,29.963773,-1.607466,-8.928621,2.78125
2.78125E-05,0.013965,0.003329,-9.813792,0.000746,0.000001,0.000699,30.443246,0.805867,-6.75245,2.78125
2.78125E-05,0.03319,0.003329,-9.847169,0.00008,-0.000931,-0.0001,30.603071,0.991508,-8.532953,2.78125
2.78125E-05,0.018771,0.012932,-9.828096,0.001411,0.000001,0.000965,30.123598,-0.679261,-7.939452,2.78125
2.88889E-05,0.018771,-0.011074,-9.847169,-0.000186,0.000667,0.000965,29.324476,-0.864902,-8.137285,2.888888889
3.14468E-05,0.028384,0.008131,-9.851938,-0.00032,0.000134,0.000033,30.922719,-0.864902,-8.137285,3.144675926
3.39931E-05,0.018771,-0.001472,-9.823328,0.000346,-0.000531,-0.000233,29.963773,-3.092595,-7.345951,3.399305556
3.65509E-05,0.03319,0.003329,-9.832865,-0.000186,0.000534,-0.000233,30.443246,-0.307979,-8.335121,3.655092593
3.90972E-05,0.018771,0.022534,-9.847169,0.000479,0.000534,-0.0001,29.324476,-0.49362,-9.324287,3.909722222
4.15972E-05,0.009158,0.008131,-9.785182,0.000346,0.000134,-0.0001,30.603071,0.248944,-8.137285,4.159722222
4.40278E-05,0.023577,0.008131,-9.828096,0.000213,0.0008,0.000433,30.123598,-1.793107,-8.730786,4.402777778
4.52894E-05,0.028384,0.008131,-9.837633,0.000346,0.0008,0.000033,29.963773,-0.122338,-6.950283,4.528935185
4.78472E-05,0.028384,-0.006273,-9.832865,0.000213,-0.000531,0.000832,30.603071,-1.607466,-8.928621,4.784722222
5.03704E-05,0.028384,0.003329,-9.823328,0.000213,0.000134,0.000832,29.4843,-0.679261,-8.335121,5.037037037
5.29051E-05,0.018771,0.003329,-9.856706,0.00008,-0.000265,0.0003,29.324476,-0.49362,-6.554617,5.290509259
5.54398E-05,0.03319,-0.011074,-9.823328,0.000346,0.000001,0.000699,30.283422,-1.607466,-8.137285,5.543981481
5.80556E-05,0.013965,0.008131,-9.842401,0.000213,0.000534,0.000832,30.123598,-0.679261,-8.335121,5.805555556
6.05903E-05,0.018771,-0.006273,-9.851938,-0.000186,0.000001,0.000433,30.123598,-0.679261,-7.939452,6.059027778
6.32176E-05,0.028384,0.003329,-9.832865,0.00008,0.000401,0.000166,30.603071,-0.864902,-8.928621,6.321759259
6.57407E-05,0.018771,-0.001472,-9.828096,0.000346,-0.000265,0.000433,29.4843,-0.679261,-9.126454,6.574074074
6.69907E-05,0.028384,-0.011074,-9.832865,0.000879,-0.000398,0.0003,29.644124,-0.122338,-6.950283,6.699074074
6.9537E-05,0.023577,0.003329,-9.837633,-0.000453,0.000268,0.000832,30.922719,-0.864902,-7.345951,6.953703704
7.21412E-05,0.028384,-0.015876,-9.851938,0.000613,0.000534,0.000832,29.963773,-1.236184,-8.137285,7.21412037
7.46759E-05,0.023577,0.017733,-9.851938,-0.000852,-0.000132,0.000566,31.242368,-0.49362,-7.345951,7.467592593
7.71181E-05,0.018771,-0.001472,-9.832865,-0.000985,0.000134,0.000699,30.123598,0.063303,-8.730786,7.711805556
7.96528E-05,0.023577,0.008131,-9.813792,0.000613,0.000001,0.000566,30.762895,-1.050543,-7.939452,7.965277778
8.21875E-05,0.023577,-0.006273,-9.832865,-0.000186,0.000001,0.000166,29.963773,-2.35003,-7.345951,8.21875
8.48032E-05,0.013965,0.008131,-9.799488,-0.000453,-0.000265,0.000566,31.082544,-1.421825,-8.730786,8.480324074
8.7338E-05,0.028384,0.008131,-9.823328,0.000213,-0.000265,-0.000233,30.603071,-1.978749,-7.741619,8.733796296
8.98727E-05,0.03319,-0.001472,-9.847169,0.000213,-0.000531,-0.0001,29.164644,-0.307979,-7.939452,8.987268519
9.23032E-05,0.023577,-0.001472,-9.832865,0.000613,-0.000132,0.000566,28.685171,0.991508,-8.928621,9.230324074
9.48264E-05,0.023577,-0.001472,-9.847169,0.000479,0.000001,0.000166,29.4843,0.805867,-6.75245,9.482638889
9.60648E-05,0.023577,-0.001472,-9.828096,-0.000186,0.000001,0.000699,28.844995,0.434585,-8.730786,9.606481481
9.87269E-05,0.023577,0.008131,-9.823328,-0.000453,0.0008,0.000033,29.803949,-1.421825,-10.313455,9.872685185
0.000101262,0.023577,0.003329,-9.828096,0.000213,-0.000265,0.000166,29.324476,-1.236184,-8.137285,10.12615741
0.000103785,0.023577,0.008131,-9.837633,0.000479,0.000001,-0.000233,30.443246,-0.679261,-8.335121,10.37847222
0.000106285,0.018771,-0.011074,-9.837633,-0.000586,0.000134,-0.0001,29.004819,-1.607466,-8.532953,10.62847222
0.000108854,0.03319,-0.001472,-9.832865,-0.00032,0.000134,-0.0001,29.803949,1.177149,-8.730786,10.88541667
0.000111389,0.03319,-0.001472,-9.828096,-0.000586,0.0008,0.000433,30.922719,-0.49362,-8.928621,11.13888889
0.000113877,0.013965,-0.011074,-9.837633,-0.000186,0.000134,-0.000233,29.644124,-0.49362,-7.741619,11.38773148
0.0001164,0.023577,-0.001472,-9.837633,0.000346,0.000268,0.0003,29.004819,-0.864902,-8.532953,11.6400463
0.000118935,0.028384,-0.011074,-9.837633,0.00008,0.000933,0.000566,30.443246,-1.421825,-7.543784,11.89351852
0.000121528,0.018771,0.008131,-9.851938,0.000479,-0.000398,0.000699,30.922719,-0.864902,-9.324287,12.15277778
0.000122801,0.013965,-0.001472,-9.828096,0.000213,0.000534,0.000699,29.4843,-0.679261,-8.335121,12.28009259
0.000125208,0.018771,-0.001472,-9.828096,0.000746,0.0008,0.000965,30.443246,-1.050543,-8.335121,12.52083333
0.000127778,0.03319,0.012932,-9.842401,-0.000453,0.000667,0.000965,31.242368,-1.607466,-8.928621,12.77777778
0.000130313,0.013965,-0.015876,-9.837633,-0.000053,0.000268,0.000433,30.283422,0.248944,-8.928621,13.03125
0.000132847,0.018771,0.003329,-9.847169,0.000879,0.000667,0.000832,29.644124,-0.122338,-8.928621,13.28472222
0.000135428,0.018771,0.008131,-9.861474,0.000879,-0.000931,0.000033,30.283422,-0.49362,-6.950283,13.54282407
0.000137963,0.009158,-0.001472,-9.809023,0.001411,0.000401,0.001099,30.443246,-0.307979,-9.126454,13.7962963
0.000140394,0.028384,-0.006273,-9.828096,0.000613,0.000001,-0.000499,28.844995,-0.679261,-7.939452,14.03935185
0.000143102,0.028384,0.022534,-9.866242,0.000479,0.000134,0.000166,30.762895,-1.050543,-8.730786,14.31018519
0.000145637,0.028384,-0.011074,-9.81856,0.000479,-0.000132,0.0003,29.644124,-0.864902,-8.137285,14.56365741
0.000146933,0.018771,-0.001472,-9.823328,0.000213,-0.001197,0.000433,30.762895,-1.421825,-7.148118,14.69328704
0.000149491,0.018771,0.003329,-9.832865,-0.000186,0.0012,0.000166,31.082544,-0.307979,-9.522122,14.94907407
0.000152025,0.03319,0.012932,-9.823328,0.000879,0.000268,0.000166,30.123598,-0.307979,-7.939452,15.2025463
0.000154641,0.018771,0.012932,-9.828096,0.001411,-0.000531,0.000166,29.324476,-0.864902,-8.532953,15.46412037
0.000157176,0.009158,-0.006273,-9.847169,0.000213,0.000134,-0.000366,30.762895,-1.050543,-7.543784,15.71759259
0.000159699,0.037996,0.008131,-9.837633,0.000613,0.000401,0.000699,30.123598,-2.535671,-7.148118,15.96990741
0.000162141,0.023577,0.003329,-9.842401,0.000879,-0.000132,0.000699,31.402198,-1.793107,-8.730786,16.21412037
0.000164664,0.013965,-0.001472,-9.828096,-0.000053,0.000001,0.000166,29.324476,-0.49362,-8.532953,16.46643519
0.000167222,0.03319,-0.006273,-9.837633,0.000479,0.000534,-0.000366,30.762895,-2.164389,-9.126454,16.72222222
0.000169803,0.013965,0.012932,-9.828096,-0.000186,0.0008,-0.000499,30.283422,-1.607466,-6.950283,16.98032407
0.000172338,0.028384,-0.006273,-9.842401,0.00008,-0.000132,0.0003,29.004819,-0.122338,-8.532953,17.2337963
0.000173576,0.018771,0.003329,-9.828096,-0.000053,0.000401,0.000033,30.443246,-1.050543,-9.126454,17.35763889
0.000176019,0.028384,-0.001472,-9.823328,0.000213,0.000401,-0.000366,30.123598,-1.050543,-8.335121,17.60185185
0.000178542,0.028384,-0.001472,-9.856706,0.000746,0.000534,-0.000366,29.963773,-0.122338,-8.137285,17.85416667
0.000181088,0.013965,-0.001472,-9.837633,0.000746,0.000134,-0.000899,30.123598,-1.050543,-9.126454,18.1087963
0.000183669,0.028384,0.003329,-9.847169,0.000479,0.000134,-0.0001,29.803949,-1.050543,-7.543784,18.36689815
0.000186238,0.03319,-0.001472,-9.842401,0.00008,0.000134,0.000166,30.123598,-1.050543,-8.335121,18.62384259
0.000188808,0.028384,0.003329,-9.837633,0.000346,0.000534,0.000566,30.603071,-0.864902,-8.137285,18.88078704
0.000191343,0.018771,-0.006273,-9.842401,-0.000053,-0.000132,0.000699,30.123598,-1.421825,-6.75245,19.13425926
0.000193866,0.028384,-0.006273,-9.813792,-0.00032,0.000134,0.0003,29.004819,-0.122338,-6.554617,19.38657407
0.000196331,0.009158,0.012932,-9.809023,0.000479,0.000667,0.000566,29.963773,-1.607466,-8.532953,19.63310185
0.000198831,0.018771,0.003329,-9.81856,0.000746,0.000534,0.000433,30.603071,0.248944,-8.928621,19.88310185
0.000201354,0.03319,-0.006273,-9.851938,0.000879,0.0008,-0.000366,29.963773,-1.607466,-7.345951,20.13541667
0.000202685,0.023577,0.003329,-9.856706,0.000879,0.000134,0.000433,29.963773,-0.122338,-9.324287,20.26851852
0.000205243,0.004352,-0.011074,-9.828096,0.000879,-0.000132,0.000033,29.963773,-1.236184,-6.950283,20.52430556
0.000207778,0.018771,-0.001472,-9.847169,0.000746,0.000534,0.000699,30.443246,-0.679261,-8.335121,20.77777778
0.000210197,0.004352,-0.006273,-9.847169,0.000746,-0.000531,-0.000366,29.644124,-0.49362,-7.741619,21.01967593
0.000212731,0.013965,0.012932,-9.828096,-0.000053,0.000001,0.0003,29.963773,-0.49362,-8.137285,21.27314815
0.000215255,0.009158,0.003329,-9.81856,0.000746,0.000401,0.000033,30.603071,-1.607466,-9.324287,21.52546296
0.00021787,0.018771,0.008131,-9.847169,-0.000053,0.000001,-0.000366,29.644124,0.248944,-7.741619,21.78703704
0.000220405,0.013965,-0.001472,-9.823328,0.000746,0.000667,-0.001298,30.603071,-0.864902,-6.950283,22.04050926
0.000222928,0.018771,-0.001472,-9.823328,0.00008,0.000401,0.0003,30.123598,-1.050543,-8.730786,22.29282407
0.000225532,0.03319,0.003329,-9.842401,-0.00032,-0.000132,0.0003,30.283422,-0.864902,-8.137285,22.55324074
0.000228067,0.018771,0.008131,-9.842401,0.000879,0.000401,-0.000499,29.803949,-1.793107,-8.335121,22.80671296
0.000229317,0.03319,0.012932,-9.809023,0.000346,0.000001,0.000433,31.242368,0.248944,-9.324287,22.93171296
0.000231748,0.023577,-0.006273,-9.856706,0.000613,-0.000132,0.000433,29.644124,-0.864902,-8.928621,23.17476852
0.000234282,0.028384,0.003329,-9.828096,0.000213,0.000001,0.0003,29.803949,-2.164389,-9.126454,23.42824074
0.000236817,0.023577,-0.011074,-9.81856,0.000213,-0.000132,0.000566,30.443246,0.434585,-7.939452,23.68171296
0.00023941,0.03319,0.003329,-9.828096,0.001012,-0.000664,-0.000233,28.844995,-1.793107,-6.75245,23.94097222
0.000241944,0.018771,0.003329,-9.828096,0.000479,0.000134,0.000166,30.443246,-0.307979,-7.543784,24.19444444
0.000244363,0.013965,0.003329,-9.823328,0.000346,0.000268,0.0003,30.922719,-1.607466,-6.950283,24.43634259
0.000246898,0.023577,0.012932,-9.856706,0.00008,0.000401,-0.001032,30.762895,-0.307979,-7.939452,24.68981481
0.000249606,0.018771,0.017733,-9.823328,0.000879,0.000134,0.001099,29.963773,-1.607466,-8.532953,24.96064815
0.000251111,0.013965,0.003329,-9.842401,-0.000053,0.0008,0.000033,30.762895,0.063303,-7.148118,25.11111111
0.000253669,0.013965,-0.006273,-9.851938,0.000479,-0.000265,0.000033,29.803949,-1.421825,-8.335121,25.36689815
0.000256192,0.018771,-0.006273,-9.81856,0.000346,0.000667,0.000832,29.963773,-1.607466,-7.741619,25.61921296
0.000258819,0.018771,-0.001472,-9.823328,0.00008,-0.000265,-0.000766,30.762895,-0.679261,-8.335121,25.88194444
0.000261354,0.018771,-0.001472,-9.851938,-0.000586,0.0008,0.000965,29.644124,-0.49362,-8.928621,26.13541667
0.000263866,0.018771,-0.015876,-9.813792,0.000346,0.000933,0.0003,29.644124,0.991508,-7.741619,26.38657407
0.000266296,0.028384,-0.001472,-9.866242,0.000746,0.000001,0.000033,30.762895,0.063303,-8.730786,26.62962963
0.000268819,0.023577,-0.011074,-9.851938,-0.000186,0.000134,0.000433,30.922719,-1.607466,-8.137285,26.88194444
0.000271354,0.037996,-0.001472,-9.823328,-0.000586,-0.000531,-0.000366,29.164644,0.434585,-7.939452,27.13541667
0.000273958,0.013965,-0.001472,-9.842401,0.00008,-0.000265,0.000699,29.004819,-0.49362,-8.137285,27.39583333
0.000276481,0.018771,-0.006273,-9.832865,0.000213,0.000001,0.000166,30.922719,-1.236184,-8.928621,27.64814815
0.000277731,0.018771,-0.025478,-9.832865,0.001012,-0.000132,0.000433,29.324476,-0.864902,-9.324287,27.77314815
0.000280289,0.023577,0.012932,-9.837633,0.001012,-0.000132,-0.000633,29.803949,-1.421825,-7.148118,28.02893519
0.000282813,0.013965,0.008131,-9.823328,-0.000852,0.000667,-0.000899,30.283422,-1.236184,-9.719955,28.28125
0.000285347,0.018771,-0.006273,-9.828096,0.001145,0.000401,-0.000233,30.283422,-0.49362,-9.719955,28.53472222
0.000287789,0.023577,0.008131,-9.842401,0.000346,0.000401,0.000566,31.402198,-1.793107,-9.522122,28.77893519
0.000290324,0.018771,0.012932,-9.832865,0.000213,0.000933,0.001232,30.922719,-1.978749,-8.928621,29.03240741
0.000292951,0.023577,-0.006273,-9.828096,-0.00032,-0.000398,0.001365,30.922719,-1.236184,-9.324287,29.29513889
0.000295486,0.013965,0.008131,-9.823328,0.000213,0.000534,0.000832,29.4843,-1.050543,-7.939452,29.54861111
0.000298021,0.037996,0.003329,-9.847169,-0.000053,0.000134,0.0003,31.082544,-1.050543,-8.730786,29.80208333
0.000300463,0.013965,0.008131,-9.856706,0.000613,-0.000265,-0.0001,30.123598,-1.793107,-7.939452,30.0462963
0.000302998,0.028384,-0.001472,-9.813792,0.000479,0.000134,0.0003,29.803949,0.063303,-9.917787,30.29976852
0.000305532,0.009158,-0.001472,-9.828096,-0.00032,-0.000531,0.001898,30.443246,-0.679261,-7.543784,30.55324074
0.000306852,0.03319,0.003329,-9.81856,0.000479,-0.000132,0.000965,30.762895,-2.535671,-7.939452,30.68518519
0.000309398,0.023577,0.022534,-9.813792,0.000879,0.000534,0.000699,29.164644,-1.050543,-8.335121,30.93981481
0.000311933,0.03319,-0.011074,-9.81856,-0.000186,0.000667,-0.0001,29.963773,-0.864902,-6.950283,31.19328704
0.000314363,0.03319,0.003329,-9.856706,0.000479,-0.000132,-0.000766,29.4843,-0.307979,-5.961117,31.43634259
0.000316898,0.028384,-0.015876,-9.832865,0.000346,0.000134,-0.000366,29.963773,-0.122338,-7.345951,31.68981481
0.000319421,0.023577,0.003329,-9.837633,0.001145,0.000667,0.000166,30.762895,-1.421825,-9.917787,31.94212963
0.000322037,0.028384,0.003329,-9.828096,0.000613,0.0008,0.000699,29.963773,-0.49362,-9.324287,32.2037037
0.000324572,0.028384,-0.006273,-9.837633,0.000346,-0.000398,0.001365,30.443246,-1.793107,-7.939452,32.45717593
0.000327106,0.023577,-0.001472,-9.823328,0.000346,0.000134,0.0003,29.324476,-0.864902,-7.345951,32.71064815
0.000329711,0.03319,0.008131,-9.856706,0.000479,-0.000265,0.000033,29.803949,0.805867,-8.335121,32.97106481
0.000332222,0.023577,-0.011074,-9.809023,0.000346,-0.000398,-0.0001,29.644124,-1.236184,-8.532953,33.22222222
0.000333484,0.018771,-0.001472,-9.832865,0.000479,0.000001,-0.001032,29.004819,-1.607466,-7.741619,33.34837963
0.000335972,0.018771,-0.001472,-9.842401,0.000213,0.000134,-0.000633,32.041496,-0.307979,-8.335121,33.59722222
0.000338507,0.009158,0.008131,-9.81856,0.001145,0.000134,0.000699,28.685171,-0.49362,-9.324287,33.85069444
0.00034103,0.009158,0.012932,-9.823328,0.000879,0.000268,0.000433,30.762895,-0.679261,-9.126454,34.10300926
0.000343634,0.023577,-0.006273,-9.847169,0.000213,-0.000265,0.0003,30.922719,-0.122338,-9.324287,34.36342593
0.000346169,0.013965,-0.001472,-9.832865,0.000613,0.000268,0.000433,29.324476,-0.122338,-9.324287,34.61689815
0.000348681,0.028384,-0.011074,-9.81856,-0.00032,0.000134,0.000433,30.123598,-1.421825,-9.126454,34.86805556
0.000351134,0.013965,0.008131,-9.837633,-0.00032,-0.000265,0.000166,30.123598,-0.679261,-7.939452,35.11342593
0.000353657,0.028384,-0.015876,-9.823328,0.000346,-0.000132,0.000433,29.644124,-1.978749,-9.324287,35.36574074
0.00035625,0.018771,-0.011074,-9.828096,0.00008,0.000134,-0.0001,30.603071,-1.236184,-7.741619,35.625
0.000358796,0.013965,-0.006273,-9.837633,-0.00032,-0.000531,0.000033,30.603071,-1.236184,-9.719955,35.87962963
0.000361296,0.013965,0.008131,-9.823328,-0.000186,0.000401,0.000166,31.562023,-1.236184,-7.741619,36.12962963
0.000362558,0.013965,-0.001472,-9.832865,0.000346,0.000268,0.000033,30.922719,-2.35003,-8.137285,36.25578704
0.000365,0.018771,-0.001472,-9.832865,0.000479,0.000534,-0.0001,31.082544,-1.793107,-6.356782,36.5
0.000367558,0.009158,-0.001472,-9.851938,0.00008,-0.000265,-0.000633,29.963773,-1.607466,-8.532953,36.75578704
0.00037015,0.028384,-0.011074,-9.851938,-0.00032,-0.001197,-0.000233,29.644124,-0.864902,-8.532953,37.0150463
0.000372685,0.037996,0.008131,-9.842401,-0.000453,0.0008,0.000033,30.443246,0.434585,-7.543784,37.26851852
0.00037522,0.009158,-0.001472,-9.794719,0.000213,0.000134,0.000033,30.443246,0.434585,-8.335121,37.52199074
0.000377859,0.023577,-0.006273,-9.828096,-0.000453,0.000268,-0.000366,30.123598,-0.307979,-7.543784,37.78587963
0.000380359,0.03319,-0.001472,-9.842401,0.000346,-0.000531,-0.000633,30.283422,-0.122338,-8.532953,38.03587963
0.000382894,0.018771,-0.006273,-9.837633,-0.000453,0.000134,-0.000499,30.123598,-1.050543,-7.148118,38.28935185
0.000385301,0.03319,0.008131,-9.828096,-0.000186,0.0008,-0.000366,30.603071,-0.864902,-8.532953,38.53009259
0.000387824,0.03319,0.017733,-9.837633,0.00008,0.000401,0.000965,29.963773,-1.978749,-8.532953,38.78240741
0.000390359,0.023577,0.017733,-9.81856,0.000346,-0.000531,0.0003,29.963773,-1.607466,-8.532953,39.03587963
0.00039169,0.018771,-0.011074,-9.832865,-0.000586,-0.000398,-0.000233,30.123598,-1.050543,-7.543784,39.16898148
0.000395313,0.023577,0.003329,-9.837633,0.00008,-0.000132,-0.0001,30.443246,-0.679261,-7.148118,39.53125
0.000396574,0.028384,0.003329,-9.81856,-0.000453,-0.000931,-0.000499,30.123598,0.063303,-8.730786,39.65740741
0.000399028,0.028384,-0.001472,-9.832865,0.000479,0.000268,-0.000366,29.324476,-0.122338,-8.928621,39.90277778
0.000401563,0.018771,-0.001472,-9.828096,-0.000186,-0.000531,-0.0001,29.644124,0.991508,-7.345951,40.15625
0.000404086,0.009158,0.017733,-9.847169,-0.00032,0.000268,0.000033,29.963773,-0.122338,-8.532953,40.40856481
0.000406586,0.013965,-0.001472,-9.837633,-0.00032,-0.000265,-0.000233,29.4843,-0.679261,-6.75245,40.65856481
0.000409132,0.013965,0.012932,-9.837633,-0.000186,0.000401,0.000965,31.082544,-1.421825,-8.730786,40.91319444
0.000411794,0.042803,-0.001472,-9.851938,0.000613,-0.000531,0.000166,30.922719,-1.978749,-8.532953,41.17939815
0.000414329,0.013965,0.012932,-9.828096,0.00008,0.000401,-0.000233,29.963773,0.248944,-8.928621,41.43287037
0.000416863,0.028384,0.017733,-9.837633,0.000479,-0.000132,-0.000899,29.644124,-1.607466,-8.137285,41.68634259
0.000419317,0.004352,-0.001472,-9.851938,0.000346,0.000667,-0.000233,30.603071,-0.49362,-6.554617,41.93171296
0.000421852,0.013965,0.003329,-9.823328,0.000746,0.000134,-0.000366,30.603071,-1.978749,-8.928621,42.18518519
0.00042309,0.028384,-0.001472,-9.832865,0.001145,0.000001,0.001099,29.963773,-1.607466,-9.719955,42.30902778
0.000425718,0.013965,0.008131,-9.861474,-0.000586,-0.000398,-0.000366,30.762895,1.177149,-8.730786,42.57175926
0.000428287,0.013965,0.008131,-9.81856,0.001145,-0.000664,-0.000233,29.963773,0.248944,-8.137285,42.8287037
0.00043081,0.028384,-0.001472,-9.851938,-0.000053,0.000534,0.000166,30.443246,-1.421825,-8.730786,43.08101852
0.000433194,0.023577,-0.001472,-9.861474,0.001145,0.000134,-0.000366,30.443246,-0.307979,-8.335121,43.31944444
0.000435729,0.028384,-0.001472,-9.832865,0.000213,-0.000398,0.000566,30.603071,-1.236184,-7.741619,43.57291667
0.000438252,0.018771,0.003329,-9.847169,0.000479,-0.000132,0.001099,31.402198,-0.679261,-8.730786,43.82523148
0.000440856,0.013965,0.008131,-9.851938,0.00008,0.000001,0.000699,31.082544,-0.307979,-8.730786,44.08564815
0.000443391,0.028384,-0.001472,-9.832865,-0.000053,0.000667,-0.000499,30.123598,-0.307979,-7.543784,44.33912037
0.000445984,0.018771,0.008131,-9.837633,0.000746,-0.000664,-0.000499,29.803949,-0.307979,-7.939452,44.59837963
0.000448507,0.018771,-0.011074,-9.847169,0.001145,-0.000132,0.000699,29.324476,-0.49362,-9.324287,44.85069444
0.000450961,0.03319,0.003329,-9.828096,-0.000053,0.000134,0.000433,30.603071,-1.607466,-9.324287,45.09606481
0.00045228,0.03319,0.003329,-9.837633,0.000479,0.000534,0.0003,29.963773,-2.35003,-8.928621,45.22800926
0.000454815,0.023577,-0.015876,-9.842401,0.000879,0.000268,0.000166,29.963773,-1.978749,-8.928621,45.48148148
0.000457303,0.018771,0.003329,-9.813792,0.000613,0.000134,0.0003,29.324476,-1.236184,-8.532953,45.73032407
0.000459826,0.037996,0.008131,-9.823328,0.000479,0.000401,0.0003,29.4843,-1.050543,-7.939452,45.98263889
0.000462419,0.023577,0.003329,-9.851938,0.000213,0.000134,0.0003,30.603071,-1.236184,-8.137285,46.24189815
0.000464954,0.018771,0.008131,-9.847169,0.000213,0.000534,-0.0001,30.283422,-0.49362,-8.928621,46.49537037
0.000467477,0.03319,-0.001472,-9.842401,0.000213,-0.000531,-0.000233,30.762895,-1.421825,-8.730786,46.74768519
0.000470012,0.023577,-0.011074,-9.832865,0.001411,0.000134,-0.0001,29.004819,-0.49362,-8.137285,47.00115741
0.000472546,0.018771,0.003329,-9.832865,0.000346,0.000667,-0.000366,29.644124,-0.122338,-7.345951,47.25462963
0.000474988,0.023577,0.003329,-9.842401,-0.00032,-0.000265,0.000566,32.20132,-1.607466,-7.741619,47.49884259
0.000477512,0.013965,0.003329,-9.832865,-0.000186,-0.000531,-0.001431,30.603071,-0.864902,-7.741619,47.75115741
0.000478762,0.023577,-0.001472,-9.837633,0.000346,0.000134,0.000699,29.644124,-1.978749,-8.928621,47.87615741
0.000481412,0.023577,-0.001472,-9.851938,0.000746,-0.000531,-0.001032,30.283422,0.620226,-8.532953,48.1412037
0.000483935,0.018771,-0.011074,-9.847169,0.000213,0.000401,-0.000766,29.164644,-1.050543,-9.126454,48.39351852
0.000486458,0.018771,0.008131,-9.832865,0.001012,-0.000931,0.000033,31.721847,0.063303,-7.543784,48.64583333
0.000488912,0.018771,0.017733,-9.842401,0.000746,0.000401,0.000166,30.283422,-1.236184,-9.719955,48.8912037
0.000491481,0.028384,-0.001472,-9.856706,0.000346,-0.000132,-0.000366,29.963773,-1.607466,-9.324287,49.14814815
0.000494005,0.018771,0.012932,-9.847169,0.000479,-0.000265,0.000433,30.603071,-1.607466,-8.137285,49.40046296
0.000496586,0.028384,0.008131,-9.828096,0.000479,0.000001,0.000433,28.205698,-1.421825,-8.335121,49.65856481
0.00049912,0.018771,0.008131,-9.861474,0.000346,0.000667,0.000033,29.4843,-0.307979,-9.126454,49.91203704
0.000501655,0.028384,-0.001472,-9.832865,0.000346,0.000268,0.000433,31.402198,-0.679261,-8.335121,50.16550926
0.000504097,0.013965,0.008131,-9.828096,0.00008,-0.000265,0.000166,29.803949,-0.307979,-7.543784,50.40972222
0.000506655,0.03319,-0.001472,-9.832865,-0.000719,-0.000132,0.000433,30.603071,-0.122338,-8.928621,50.66550926
0.00050787,0.018771,-0.001472,-9.866242,0.00008,0.000134,0.000033,31.721847,-1.421825,-8.730786,50.78703704
0.000510509,0.018771,0.003329,-9.823328,-0.000453,0.000534,0.000033,30.603071,-0.49362,-7.345951,51.05092593
0.000513044,0.028384,0.008131,-9.847169,0.001012,-0.000132,-0.0001,29.324476,-0.122338,-8.532953,51.30439815
0.000515579,0.037996,-0.001472,-9.823328,0.000613,0.000268,-0.000766,29.803949,0.063303,-8.730786,51.55787037
0.000518021,0.028384,-0.006273,-9.813792,-0.000186,-0.000531,0.000166,29.963773,-0.864902,-7.741619,51.80208333
0.000520556,0.023577,-0.011074,-9.823328,0.001278,0.000134,-0.000233,30.283422,0.248944,-7.741619,52.05555556
0.000523171,0.023577,-0.001472,-9.823328,0.001411,-0.000664,0.000433,30.283422,-0.122338,-8.532953,52.31712963
0.000525694,0.018771,-0.011074,-9.823328,0.001278,0.000001,-0.000233,29.803949,-1.421825,-9.522122,52.56944444
0.000528229,0.028384,-0.006273,-9.866242,-0.000586,0.000001,-0.000366,30.443246,-1.793107,-8.335121,52.82291667
0.000530671,0.023577,0.003329,-9.856706,0.001545,-0.000132,0.0003,30.443246,-0.307979,-7.939452,53.06712963
0.000533206,0.013965,-0.006273,-9.823328,0.000613,-0.000664,0.000433,30.922719,-1.236184,-7.345951,53.32060185
0.000535706,0.023577,0.003329,-9.828096,0.000346,0.000534,0.000566,30.762895,-0.679261,-8.335121,53.57060185
0.00053706,0.013965,0.003329,-9.866242,-0.000719,0.000134,-0.000233,29.803949,-0.679261,-7.148118,53.70601852
0.000539606,0.018771,0.003329,-9.828096,-0.000053,0.000401,0.000433,30.762895,-1.050543,-9.917787,53.96064815
0.000542141,0.03319,-0.011074,-9.847169,-0.00032,-0.000265,0.000033,30.922719,-0.49362,-8.928621,54.21412037
0.000544757,0.028384,-0.001472,-9.847169,-0.000719,0.000268,0.001099,29.644124,0.248944,-8.532953,54.47569444
0.00054728,0.028384,-0.006273,-9.847169,-0.000453,-0.000398,0.000033,30.443246,-0.679261,-8.335121,54.72800926
0.00054985,0.03319,-0.006273,-9.837633,-0.000586,0.0012,-0.000366,29.963773,-0.49362,-8.928621,54.9849537
0.000552442,0.028384,-0.006273,-9.809023,-0.000053,-0.000265,-0.000366,29.324476,-1.236184,-7.345951,55.24421296
0.000554977,0.018771,-0.006273,-9.81856,0.000746,0.000534,0.000965,30.603071,-0.864902,-8.137285,55.49768519
0.000557569,0.018771,-0.001472,-9.851938,0.000479,-0.000664,0.000033,30.283422,-0.864902,-7.741619,55.75694444
0.000558831,0.028384,0.017733,-9.837633,0.000746,-0.000132,0.000033,30.603071,-1.236184,-8.137285,55.88310185
0.000561389,0.028384,-0.006273,-9.823328,0.00008,-0.000265,0.0003,30.283422,-1.236184,-9.324287,56.13888889
0.000563924,0.028384,0.003329,-9.832865,0.000213,-0.000265,0.000433,29.803949,-0.679261,-8.730786,56.39236111
0.000566343,0.023577,-0.011074,-9.847169,0.001012,-0.000132,0.0003,29.644124,-1.607466,-6.950283,56.63425926
0.000568877,0.018771,0.012932,-9.837633,-0.000186,0.000401,-0.000233,30.123598,0.063303,-9.522122,56.88773148
0.000571493,0.009158,-0.011074,-9.828096,0.000879,0.000268,0.0003,30.283422,-1.607466,-7.741619,57.14930556
0.000574016,0.037996,-0.020677,-9.823328,-0.000719,0.000268,0.000566,30.922719,-0.122338,-7.741619,57.40162037
0.000576563,0.023577,0.008131,-9.837633,0.001012,-0.000265,-0.000633,28.685171,-0.49362,-8.532953,57.65625
0.000578993,0.023577,0.003329,-9.832865,-0.000053,0.001067,0.000166,29.164644,0.434585,-9.126454,57.89930556
0.000581528,0.023577,-0.015876,-9.828096,0.000346,0.000001,0.001232,29.164644,-1.050543,-9.917787,58.15277778
0.000584051,0.028384,-0.006273,-9.832865,0.000213,-0.000531,0.000832,30.443246,-0.679261,-8.335121,58.40509259
0.000585382,0.028384,0.008131,-9.842401,0.00008,0.000268,-0.0001,31.721847,0.805867,-7.939452,58.53819444
0.00058794,0.018771,-0.001472,-9.832865,-0.000719,0.000534,0.000832,30.283422,-0.49362,-8.532953,58.79398148
0.000590463,0.018771,0.003329,-9.81856,0.00008,0.000268,-0.000766,30.922719,-1.236184,-8.137285,59.0462963
0.000592894,0.013965,0.017733,-9.828096,0.000613,0.000268,0.000166,29.4843,-0.307979,-8.335121,59.28935185
0.000595428,0.023577,-0.001472,-9.832865,-0.000186,0.000268,0.000166,31.082544,-0.307979,-7.939452,59.54282407
0.000597951,0.009158,0.008131,-9.81856,0.000746,-0.000664,-0.000366,29.4843,-0.679261,-8.730786,59.79513889
0.00060059,0.023577,0.008131,-9.837633,0.000479,-0.000132,0.000433,30.922719,-1.607466,-7.741619,60.05902778
0.000603125,0.03319,0.008131,-9.847169,-0.000453,-0.000931,-0.000366,29.4843,-1.050543,-9.126454,60.3125
0.000605648,0.018771,0.003329,-9.851938,-0.000053,0.000134,0.000699,30.443246,-1.421825,-7.543784,60.56481481
0.00060809,0.028384,-0.001472,-9.837633,-0.000453,-0.000531,0.000566,30.123598,-1.050543,-7.543784,60.80902778
0.000610648,0.028384,0.008131,-9.832865,0.000613,0.000534,0.000566,29.644124,-0.49362,-8.137285,61.06481481
0.000613229,0.018771,0.008131,-9.823328,-0.000053,0.000268,0.000433,30.283422,-1.978749,-8.137285,61.32291667
0.000614479,0.028384,0.003329,-9.823328,-0.000186,0.000401,-0.001165,29.004819,0.620226,-9.324287,61.44791667
0.000617025,0.013965,-0.001472,-9.804255,0.000879,0.000268,0.000965,31.082544,0.063303,-9.522122,61.7025463
0.00061956,0.009158,-0.006273,-9.837633,0.000613,-0.000265,-0.0001,29.004819,-0.864902,-9.324287,61.95601852
0.000621979,0.028384,-0.015876,-9.828096,0.000346,0.000401,-0.000233,29.803949,-0.679261,-8.730786,62.19791667
0.000624514,0.023577,-0.006273,-9.847169,0.00008,-0.000132,-0.0001,29.644124,-1.236184,-8.137285,62.45138889
0.000627153,0.03319,-0.001472,-9.851938,0.000346,-0.000398,0.000033,30.603071,-2.721313,-8.137285,62.71527778
0.000629688,-0.005261,0.003329,-9.832865,-0.000053,0.000667,-0.0001,29.963773,-1.236184,-8.532953,62.96875
0.000632199,0.013965,-0.001472,-9.81856,-0.000053,0.000268,-0.001165,30.603071,-1.236184,-8.928621,63.21990741
0.000634641,0.023577,0.008131,-9.856706,-0.000586,0.000001,0.000699,30.762895,0.063303,-8.335121,63.46412037
0.000637176,0.023577,0.012932,-9.813792,-0.00032,0.000268,-0.000633,30.443246,-0.679261,-8.335121,63.71759259
0.000639711,0.018771,-0.011074,-9.804255,0.001411,0.000001,0.0003,30.283422,-0.122338,-7.741619,63.97106481
0.000642245,0.013965,0.012932,-9.847169,0.000213,-0.000265,-0.000499,30.123598,-0.679261,-7.939452,64.22453704
0.000643507,0.013965,-0.006273,-9.842401,0.000479,-0.000398,-0.001032,29.963773,-0.49362,-7.345951,64.35069444
0.000646042,0.028384,-0.001472,-9.847169,0.000479,-0.000132,-0.000766,30.922719,-1.236184,-6.950283,64.60416667
0.000648565,0.037996,-0.015876,-9.837633,-0.000053,0.000933,0.001365,29.164644,-0.679261,-6.75245,64.85648148
0.0006511,0.018771,-0.011074,-9.813792,0.000346,0.000534,-0.000366,29.004819,-1.236184,-8.928621,65.1099537
0.000653634,0.028384,-0.001472,-9.832865,0.00008,0.000268,-0.000366,30.283422,-1.236184,-9.719955,65.36342593
0.000656169,0.028384,0.008131,-9.837633,-0.000453,0.000134,-0.000499,30.283422,0.248944,-9.324287,65.61689815
0.000658704,0.018771,-0.001472,-9.813792,-0.000053,0.000933,0.000832,28.205698,-1.421825,-8.730786,65.87037037
0.000661227,0.023577,-0.001472,-9.832865,0.000613,0.000134,-0.000499,30.603071,0.620226,-8.137285,66.12268519
0.000663877,0.018771,0.003329,-9.828096,-0.000053,0.000534,-0.000899,30.922719,0.248944,-6.950283,66.38773148
0.000666412,0.013965,-0.006273,-9.804255,-0.00032,0.000134,0.000166,29.324476,-1.236184,-9.324287,66.6412037
0.000668924,0.023577,-0.011074,-9.81856,0.000879,-0.000265,0.000566,30.443246,-0.679261,-8.335121,66.89236111
0.000671389,0.013965,0.003329,-9.842401,0.000613,0.000268,-0.000233,30.283422,0.248944,-8.137285,67.13888889
0.00067265,0.013965,0.008131,-9.837633,-0.000053,0.000134,-0.0001,29.963773,-0.122338,-8.137285,67.2650463
0.000675208,0.023577,0.003329,-9.842401,0.000213,-0.000531,0.000166,29.644124,-1.236184,-9.324287,67.52083333
0.000677766,0.03319,-0.006273,-9.851938,0.000479,-0.000265,0.000033,29.644124,0.991508,-7.741619,67.77662037
0.000680301,0.018771,-0.001472,-9.828096,-0.00032,0.000401,-0.000633,30.123598,0.063303,-8.730786,68.03009259
0.000682836,0.013965,0.003329,-9.856706,0.00008,-0.000664,0.000166,28.844995,-1.050543,-8.730786,68.28356481
0.000685417,0.013965,0.003329,-9.828096,-0.00032,0.0008,0.000166,31.242368,-1.236184,-6.950283,68.54166667
0.000687963,0.028384,-0.001472,-9.837633,0.00008,0.000134,-0.000233,29.963773,-1.978749,-7.741619,68.7962963
0.000690498,0.023577,0.012932,-9.828096,0.000346,0.000134,0.000832,30.922719,0.248944,-6.950283,69.04976852
0.000693021,0.028384,-0.001472,-9.861474,-0.000053,-0.000265,0.000832,29.324476,-0.49362,-8.532953,69.30208333
0.000695556,0.028384,-0.020677,-9.847169,-0.000186,0.000001,-0.000366,29.164644,-0.679261,-7.741619,69.55555556
0.000696806,0.023577,0.003329,-9.804255,0.000213,-0.000132,0.000166,30.922719,-0.122338,-7.741619,69.68055556
0.000699271,0.018771,0.003329,-9.847169,-0.00032,0.000401,0.000566,29.803949,-1.421825,-8.730786,69.92708333
0.000701817,0.03319,0.003329,-9.847169,-0.000586,0.000001,-0.0001,30.283422,-1.236184,-7.345951,70.18171296
0.000704398,0.013965,0.008131,-9.837633,0.000746,-0.000798,-0.0001,30.443246,-1.421825,-9.522122,70.43981481
0.000706933,0.037996,-0.006273,-9.856706,-0.000053,0.0008,-0.001032,30.283422,0.248944,-8.137285,70.69328704
0.000709479,0.009158,0.008131,-9.832865,0.000613,0.000667,0.000033,31.402198,0.805867,-8.335121,70.94791667
0.00071191,0.018771,-0.001472,-9.823328,0.000613,-0.000265,-0.001032,28.844995,-0.307979,-7.148118,71.19097222
0.000714433,0.023577,-0.006273,-9.851938,0.000879,0.000534,-0.000766,29.4843,0.063303,-9.917787,71.44328704
0.000716979,0.023577,-0.011074,-9.866242,-0.000453,0.000401,0.000699,30.123598,0.805867,-7.939452,71.69791667
0.000719583,0.023577,0.003329,-9.851938,0.000879,-0.000132,-0.000366,30.283422,-1.607466,-6.15895,71.95833333
0.000722118,0.023577,-0.006273,-9.813792,-0.000186,-0.000265,-0.000499,29.963773,0.248944,-8.137285,72.21180556
0.000724618,0.013965,-0.011074,-9.823328,-0.00032,0.000401,0.0003,31.562023,-0.864902,-7.741619,72.46180556
0.000727049,0.03319,0.003329,-9.828096,0.000213,-0.000798,0.000699,29.644124,-1.607466,-9.324287,72.70486111
0.000728322,0.028384,-0.001472,-9.847169,0.001545,0.000134,-0.000366,30.762895,-0.679261,-7.148118,72.83217593
0.00073088,0.028384,0.003329,-9.832865,0.00008,-0.000265,0.0003,30.603071,-0.122338,-8.928621,73.08796296
0.000733495,0.028384,-0.001472,-9.861474,0.000613,0.000268,0.0003,30.603071,-1.236184,-8.137285,73.34953704
0.000736019,0.023577,0.012932,-9.837633,-0.000852,0.000933,0.0003,30.603071,0.248944,-8.137285,73.60185185
0.000738553,0.028384,-0.011074,-9.851938,0.00008,-0.000664,-0.000366,32.041496,-1.421825,-7.939452,73.85532407
0.000741019,0.013965,-0.015876,-9.875779,0.000879,0.000268,0.001099,29.963773,-0.122338,-8.137285,74.10185185
0.000743542,0.037996,-0.001472,-9.856706,0.000479,0.000933,-0.0001,30.123598,-2.164389,-7.543784,74.35416667
0.000746065,0.03319,0.008131,-9.832865,0.00008,0.000001,-0.000233,30.922719,-0.49362,-7.345951,74.60648148
0.000748692,0.03319,-0.001472,-9.81856,-0.000719,0.000001,0.000433,29.644124,-2.721313,-8.532953,74.86921296
0.000751227,0.023577,0.003329,-9.832865,-0.00032,0.000401,-0.000766,30.603071,-0.864902,-8.532953,75.12268519
0.000752465,0.009158,-0.006273,-9.842401,0.000213,0.000134,0.000566,29.644124,-0.864902,-8.532953,75.24652778
0.000754931,0.037996,-0.001472,-9.832865,0.000879,-0.000531,0.000166,30.123598,0.805867,-8.730786,75.49305556
0.000757431,0.023577,0.008131,-9.809023,-0.000053,0.000534,-0.000233,29.4843,-2.164389,-9.917787,75.74305556
0.000760139,0.023577,-0.015876,-9.856706,0.000613,0.000134,-0.000499,30.762895,-1.050543,-8.335121,76.01388889
0.000762558,0.028384,-0.006273,-9.837633,0.000479,-0.000531,0.0003,29.803949,0.434585,-8.335121,76.25578704
0.000765093,0.018771,0.003329,-9.837633,-0.000053,0.000401,-0.000233,29.4843,-1.421825,-8.730786,76.50925926
0.00076772,0.018771,0.003329,-9.847169,-0.000186,0.000134,-0.000233,29.963773,-0.864902,-8.532953,76.77199074
0.000770255,0.03319,-0.001472,-9.856706,-0.000586,-0.000132,0.000433,30.443246,-0.679261,-7.939452,77.02546296
0.000772778,0.018771,-0.006273,-9.847169,0.00008,0.000534,-0.000499,29.4843,0.063303,-8.335121,77.27777778
0.000775185,0.03319,-0.001472,-9.851938,0.001678,-0.000531,-0.000233,31.082544,0.063303,-8.335121,77.51851852
0.00077772,0.028384,-0.006273,-9.856706,0.000746,-0.000132,0.000033,30.443246,0.434585,-8.335121,77.77199074
0.000780255,0.013965,0.003329,-9.828096,-0.000453,0.000001,0.000699,30.762895,0.063303,-8.730786,78.02546296
0.000781563,0.013965,0.008131,-9.837633,-0.00032,0.000268,-0.000766,30.123598,1.177149,-8.730786,78.15625
0.00078412,0.028384,-0.020677,-9.81856,-0.000586,-0.000265,0.000566,29.4843,0.063303,-8.335121,78.41203704
0.000786655,0.023577,0.008131,-9.813792,-0.000053,0.000534,0.000433,30.922719,0.620226,-7.345951,78.66550926
0.000789086,0.009158,-0.006273,-9.856706,0.001145,0.000268,0.000433,29.963773,-1.236184,-8.137285,78.90856481
0.00079162,0.018771,-0.001472,-9.81856,-0.000586,-0.000531,0.000566,29.4843,-0.679261,-7.148118,79.16203704
0.00079419,0.013965,-0.001472,-9.832865,0.000746,-0.000265,-0.0001,29.963773,-0.122338,-7.741619,79.41898148
0.000796759,0.023577,-0.006273,-9.837633,-0.000586,0.000001,0.000433,31.082544,-2.164389,-7.543784,79.67592593
0.000799294,0.013965,-0.011074,-9.832865,-0.000852,-0.000398,-0.000899,30.762895,-1.793107,-7.543784,79.92939815
0.000801806,0.023577,-0.011074,-9.832865,-0.00032,0.000401,0.001099,29.324476,-0.864902,-8.532953,80.18055556
0.000804421,0.042803,0.003329,-9.842401,0.001012,0.000534,0.000033,29.963773,-0.864902,-7.741619,80.44212963
0.000806956,0.018771,-0.006273,-9.832865,-0.00032,-0.000664,-0.000233,30.922719,-0.49362,-7.345951,80.69560185
0.000808194,0.013965,-0.006273,-9.813792,0.001278,0.0008,-0.000366,29.4843,-0.679261,-7.939452,80.81944444
0.000810625,-0.000454,-0.001472,-9.842401,0.000746,-0.000798,0.0003,29.963773,-0.122338,-7.741619,81.0625
0.00081316,0.023577,-0.001472,-9.861474,-0.00032,0.000001,-0.000633,31.242368,-1.978749,-8.137285,81.31597222
0.000815694,0.009158,-0.001472,-9.81856,-0.000586,-0.000398,0.000033,30.762895,-0.307979,-8.335121,81.56944444
0.000818322,0.023577,0.017733,-9.832865,0.000479,0.000401,0.000433,30.443246,-1.793107,-8.730786,81.83217593
0.000821227,0.023577,-0.006273,-9.832865,0.000346,-0.000132,0.000166,29.963773,-1.978749,-8.928621,82.12268519
0.000823611,0.03319,0.003329,-9.823328,0.00008,0.000667,0.000033,29.644124,-0.864902,-7.345951,82.36111111
0.000826157,0.013965,0.003329,-9.823328,0.000346,0.000401,-0.0001,30.762895,0.063303,-9.126454,82.61574074
0.000828681,0.013965,0.003329,-9.880547,-0.000719,0.000667,0.0003,29.4843,-2.535671,-7.543784,82.86805556
0.000830012,0.009158,0.012932,-9.847169,0.000746,-0.000931,0.000166,29.4843,-1.421825,-7.543784,83.00115741
0.000832569,0.013965,0.012932,-9.832865,0.00008,0.000268,-0.000499,30.123598,-1.050543,-7.939452,83.25694444
0.000835104,0.018771,0.003329,-9.861474,-0.000186,0.000268,0.001232,29.4843,0.063303,-9.522122,83.51041667
0.000837697,0.028384,-0.001472,-9.809023,0.00008,0.000268,0.000433,29.963773,-0.864902,-7.741619,83.76967593
0.000840231,0.028384,0.008131,-9.832865,-0.000186,-0.000132,0.000965,30.603071,-1.607466,-8.532953,84.02314815
0.000842766,0.03319,0.003329,-9.847169,0.000346,0.000401,-0.000633,29.4843,-0.307979,-7.939452,84.27662037
0.000845185,0.028384,0.008131,-9.804255,-0.000186,0.000667,-0.000633,29.324476,-1.236184,-8.532953,84.51851852
0.00084772,0.023577,0.012932,-9.813792,-0.000453,0.000134,0.0003,30.283422,-0.864902,-6.950283,84.77199074
0.000850255,0.03319,0.012932,-9.832865,-0.000053,-0.000265,0.000166,28.844995,-2.164389,-8.335121,85.02546296
0.000852847,0.018771,-0.001472,-9.804255,0.000346,-0.000398,0.000033,31.082544,-0.679261,-8.335121,85.28472222
0.000855405,0.018771,-0.001472,-9.809023,0.000213,-0.001064,0.000166,29.803949,-1.050543,-7.543784,85.54050926
0.000856655,0.037996,-0.001472,-9.823328,0.00008,-0.000531,0.000832,29.803949,-0.679261,-9.126454,85.66550926
0.000859051,0.028384,0.008131,-9.847169,-0.00032,0.000401,-0.000766,30.283422,-0.864902,-9.324287,85.90509259
0.000861597,0.037996,0.008131,-9.804255,-0.000053,-0.000265,0.0003,29.164644,-1.793107,-8.730786,86.15972222
0.000864132,0.03319,0.008131,-9.832865,-0.000586,0.000933,0.000166,29.963773,-0.122338,-6.950283,86.41319444
0.000866794,0.028384,0.008131,-9.804255,0.000613,0.000134,0.000566,31.721847,-1.050543,-9.522122,86.67939815
0.000869329,0.03319,0.012932,-9.842401,0.000613,0.000001,0.000965,30.283422,-1.978749,-7.345951,86.93287037
0.000871863,0.023577,0.008131,-9.866242,0.00008,-0.000931,0.000033,30.603071,-0.122338,-7.345951,87.18634259
0.000874398,0.013965,-0.006273,-9.832865,0.000213,0.000401,-0.000499,30.283422,-0.49362,-8.532953,87.43981481
0.000876921,0.013965,0.003329,-9.823328,0.00008,0.000534,-0.0001,29.004819,-1.607466,-8.928621,87.69212963
0.000879456,0.018771,-0.011074,-9.851938,-0.000053,0.000134,-0.0001,30.762895,-0.307979,-7.543784,87.94560185
0.000881991,0.028384,0.003329,-9.837633,0.000346,0.000001,-0.000233,30.603071,-1.236184,-8.928621,88.19907407
0.000884502,0.018771,0.008131,-9.832865,-0.000053,-0.000132,0.0003,29.4843,0.063303,-8.335121,88.45023148
0.000886933,0.028384,-0.001472,-9.851938,0.000346,-0.000398,-0.0001,30.283422,-0.864902,-9.324287,88.69328704
0.000888206,0.023577,0.003329,-9.823328,0.000879,0.000134,0.000433,30.762895,-1.793107,-7.543784,88.82060185
0.000890729,0.013965,-0.006273,-9.81856,0.000479,-0.000398,0.000699,30.283422,-0.49362,-8.532953,89.07291667
0.000893368,0.028384,-0.001472,-9.832865,0.000346,-0.000664,0.001365,29.4843,-0.679261,-9.126454,89.33680556
0.000895903,0.004352,0.012932,-9.851938,0.000613,0.000134,-0.000633,31.082544,-1.421825,-7.939452,89.59027778
0.000898438,0.037996,0.012932,-9.842401,0.00008,-0.000265,-0.000499,29.164644,-0.679261,-7.939452,89.84375
0.000900868,0.028384,0.003329,-9.837633,-0.000053,0.000401,0.000033,29.963773,-0.49362,-9.324287,90.08680556
0.000903403,0.023577,0.012932,-9.847169,-0.00032,0.000667,-0.0001,31.242368,-0.122338,-8.532953,90.34027778
0.000905938,0.037996,0.012932,-9.842401,0.000346,0.000268,-0.000366,30.283422,0.248944,-9.324287,90.59375
0.000908565,0.018771,0.012932,-9.832865,0.000879,0.000134,-0.000766,29.164644,-0.307979,-9.126454,90.85648148
0.000911088,0.023577,-0.011074,-9.81856,0.000213,0.000268,0.000965,29.644124,-1.607466,-8.137285,91.1087963
0.000912338,0.018771,-0.001472,-9.81856,-0.000186,0.000268,0.000033,30.443246,-1.421825,-8.335121,91.2337963
0.000914826,0.03319,-0.001472,-9.823328,0.00008,0.000268,-0.000499,29.644124,-1.236184,-8.532953,91.48263889
0.00091735,0.03319,-0.001472,-9.851938,-0.000586,-0.000265,0.001631,30.762895,-2.535671,-9.126454,91.7349537
0.000919884,0.03319,-0.001472,-9.823328,-0.000186,0.000534,0.000033,30.762895,0.434585,-6.75245,91.98842593
0.000922465,0.03319,0.003329,-9.828096,0.000213,0.000268,0.001099,31.082544,-1.050543,-8.335121,92.24652778
0.000924977,0.028384,-0.006273,-9.842401,-0.000053,-0.000798,-0.000366,30.603071,-1.978749,-6.15895,92.49768519
0.000927431,0.009158,0.008131,-9.847169,0.001145,0.000001,0.000699,29.4843,0.063303,-7.939452,92.74305556
0.000929965,0.018771,-0.015876,-9.823328,0.000479,0.000268,-0.000499,29.803949,-0.307979,-9.126454,92.99652778
0.000932477,0.004352,-0.001472,-9.837633,0.000746,0.000401,0.000699,29.963773,-0.864902,-6.554617,93.24768519
0.000935093,0.037996,-0.006273,-9.837633,0.000479,0.000268,0.0003,31.082544,-0.307979,-7.939452,93.50925926
0.000937627,0.018771,-0.006273,-9.832865,0.000213,0.000268,0.000433,31.242368,-1.236184,-8.532953,93.76273148
0.000940162,0.018771,0.003329,-9.837633,0.000879,0.000001,-0.0001,31.082544,-1.793107,-8.730786,94.0162037
0.000941505,0.018771,-0.006273,-9.828096,-0.000453,-0.000132,0.000166,30.762895,-1.793107,-7.543784,94.15046296
0.000944039,0.013965,-0.006273,-9.828096,0.000213,-0.000265,0.0003,29.324476,-1.607466,-8.928621,94.40393519
0.000946574,0.03319,-0.006273,-9.856706,-0.000186,-0.000531,-0.000633,30.123598,-1.050543,-8.335121,94.65740741
0.000949005,0.018771,0.003329,-9.804255,0.000879,-0.000398,-0.000366,30.922719,-0.864902,-8.532953,94.90046296
0.000951539,0.028384,-0.006273,-9.837633,0.001145,0.000001,0.000566,30.762895,-0.679261,-9.522122,95.15393519
0.000954074,0.037996,-0.006273,-9.851938,-0.000186,0.000534,0.000433,29.4843,-1.793107,-9.126454,95.40740741
0.000956678,0.023577,0.008131,-9.842401,0.000613,-0.00133,0.0003,29.963773,-0.49362,-7.345951,95.66782407
0.000959213,0.023577,-0.001472,-9.81856,0.000479,-0.000398,0.0003,29.963773,-0.864902,-8.928621,95.9212963
0.000961748,0.013965,-0.006273,-9.847169,0.00008,0.000667,0.000566,29.004819,-1.236184,-8.532953,96.17476852
0.000964178,0.03319,0.003329,-9.823328,0.000746,0.0008,0.000832,29.803949,-1.050543,-7.939452,96.41782407
0.000966713,0.023577,-0.001472,-9.847169,0.000213,0.000534,-0.000366,29.324476,-0.864902,-7.741619,96.6712963
0.000969329,0.052415,0.003329,-9.847169,0.000346,-0.000664,-0.000633,30.283422,-1.607466,-7.741619,96.93287037
0.000970567,0.018771,-0.011074,-9.837633,0.000479,0.000401,-0.000233,30.603071,0.248944,-5.763282,97.05671296
0.000973125,0.03319,-0.011074,-9.832865,-0.000053,-0.000664,0.000033,30.123598,-2.164389,-8.730786,97.3125
0.000975694,0.018771,0.003329,-9.837633,0.00008,0.000268,-0.000366,30.443246,-1.421825,-8.730786,97.56944444
0.000978079,0.023577,-0.001472,-9.828096,0.000479,0.000401,0.000433,29.164644,-0.307979,-8.335121,97.80787037
0.000980613,0.028384,-0.006273,-9.823328,-0.000053,0.000134,-0.0001,30.603071,-0.122338,-8.928621,98.06134259
0.000983194,0.018771,0.003329,-9.842401,0.00008,0.000134,0.000166,30.762895,-1.421825,-8.335121,98.31944444
0.000985729,0.023577,-0.001472,-9.828096,-0.00032,0.000268,0.000566,30.922719,0.248944,-9.324287,98.57291667
0.000988275,0.03319,-0.006273,-9.842401,0.000479,0.000933,-0.000766,30.603071,-0.122338,-9.324287,98.8275463
0.00099088,0.028384,0.008131,-9.832865,0.000746,-0.000132,-0.000366,29.4843,-0.307979,-7.543784,99.08796296
0.000993403,0.023577,-0.006273,-9.828096,0.000613,0.000268,0.0003,30.123598,0.063303,-9.522122,99.34027778
0.000995914,0.023577,0.008131,-9.832865,-0.000186,0.000001,0.000033,29.963773,0.248944,-8.928621,99.59143519
0.000998333,0.018771,-0.006273,-9.851938,0.000346,0.000001,0.000699,30.762895,-0.307979,-6.75245,99.83333333
0.000999595,0.028384,-0.001472,-9.842401,-0.000186,-0.000398,0.000566,30.123598,-0.307979,-8.730786,99.95949074
0.001002153,0.023577,0.012932,-9.837633,0.000479,-0.000265,-0.0001,30.123598,-0.307979,-8.335121,100.2152778
0.001004769,0.028384,0.003329,-9.847169,0.000346,0.0008,0.000433,30.762895,-0.307979,-9.126454,100.4768519
0.001007292,0.028384,0.003329,-9.832865,0.000613,-0.000265,-0.001165,30.603071,-1.236184,-7.741619,100.7291667
0.001009826,0.023577,-0.011074,-9.842401,0.00008,0.000001,-0.000766,29.803949,0.434585,-10.313455,100.9826389
0.001012257,0.013965,0.003329,-9.847169,0.000213,0.000001,0.001099,30.283422,-1.607466,-7.741619,101.2256944
0.001014792,0.023577,-0.001472,-9.842401,0.000613,0.000534,0.0003,30.762895,-1.050543,-5.961117,101.4791667
0.001017315,0.037996,0.008131,-9.81856,0.000479,0.000134,-0.000233,31.721847,-0.307979,-7.939452,101.7314815
0.001019931,0.018771,0.008131,-9.81856,0.00008,-0.000398,0.000166,29.803949,-0.679261,-7.939452,101.9930556
0.001022465,0.018771,0.003329,-9.823328,-0.000186,0.000401,-0.000366,30.603071,-2.35003,-7.345951,102.2465278
0.001025035,0.018771,-0.011074,-9.837633,0.001145,-0.000798,0.000699,30.123598,-0.307979,-9.917787,102.5034722
0.001026308,0.013965,-0.006273,-9.837633,0.00008,-0.000531,0.000033,30.762895,-2.164389,-9.126454,102.630787
0.001028866,0.028384,0.008131,-9.842401,-0.000186,-0.000132,0.000166,30.762895,-1.793107,-7.939452,102.8865741
0.001031389,0.023577,-0.001472,-9.823328,0.000346,-0.000132,-0.000766,30.443246,-1.421825,-6.75245,103.1388889
0.001033808,0.009158,-0.001472,-9.842401,0.000346,-0.000265,-0.000233,30.123598,-1.050543,-8.335121,103.380787
0.001036366,0.023577,-0.006273,-9.828096,0.000479,0.000268,0.0003,30.443246,-0.679261,-9.126454,103.6365741
0.001038958,0.013965,0.003329,-9.809023,0.000213,-0.000398,0.000433,29.803949,-1.050543,-8.730786,103.8958333
0.001041493,0.018771,-0.006273,-9.837633,0.00008,0.000268,0.000965,30.283422,0.248944,-7.741619,104.1493056
0.001044028,0.018771,0.003329,-9.851938,0.00008,0.000001,0.000433,30.762895,-2.164389,-7.148118,104.4027778
0.001046447,0.023577,0.003329,-9.851938,0.000346,-0.000132,-0.0001,29.164644,-0.679261,-8.335121,104.6446759
0.001048981,0.03319,0.003329,-9.813792,0.00008,0.000134,-0.0001,30.283422,-0.122338,-8.532953,104.8981481
0.001051505,0.013965,-0.001472,-9.842401,0.000479,-0.000664,0.0003,28.525346,-0.307979,-7.543784,105.150463
0.001052813,0.028384,0.003329,-9.847169,-0.000852,0.000134,0.000433,29.164644,-0.307979,-7.148118,105.28125
0.001055394,0.013965,0.003329,-9.842401,-0.000453,-0.000664,-0.0001,29.644124,-0.122338,-8.137285,105.5393519
0.001057917,0.03319,0.003329,-9.81856,0.000346,0.000534,0.000166,31.082544,-0.679261,-9.126454,105.7916667
0.001060498,0.023577,-0.015876,-9.837633,0.000346,-0.000531,0.000699,30.283422,0.248944,-9.324287,106.0497685
0.001063021,0.023577,0.003329,-9.842401,0.000346,0.000534,0.0003,30.123598,-1.050543,-7.543784,106.3020833
0.001065579,0.037996,-0.006273,-9.828096,0.001411,-0.000132,0.000832,29.644124,-2.721313,-8.137285,106.5578704
0.001067986,0.023577,-0.001472,-9.828096,0.000479,0.000667,0.000166,30.762895,-1.793107,-6.356782,106.7986111
0.001070509,0.018771,-0.011074,-9.81856,0.000346,0.000268,0.000166,28.525346,-1.793107,-8.335121,107.0509259
0.001073056,0.023577,0.008131,-9.832865,0.000879,0.000134,-0.0001,30.283422,-0.49362,-7.345951,107.3055556
0.00107566,0.03319,-0.001472,-9.823328,0.000346,-0.000798,-0.000499,29.4843,0.063303,-7.148118,107.5659722
0.001078183,0.013965,0.008131,-9.837633,0.000613,0.000534,-0.000233,31.242368,0.248944,-8.532953,107.818287
0.00108059,0.023577,0.008131,-9.851938,-0.00032,0.000001,-0.000233,29.963773,-0.122338,-7.741619,108.0590278
0.001083125,0.03319,-0.001472,-9.828096,0.000479,-0.000664,0.000166,31.082544,-0.679261,-8.335121,108.3125
0.001084398,0.028384,0.003329,-9.847169,0.000213,-0.000664,0.000832,29.963773,0.620226,-8.137285,108.4398148
0.001086933,0.037996,0.003329,-9.837633,0.000346,-0.000132,0.000433,30.283422,-1.607466,-9.324287,108.693287
0.001089549,0.018771,0.003329,-9.823328,0.000346,-0.000132,0.000166,30.603071,0.248944,-8.137285,108.9548611
0.001092072,0.018771,-0.001472,-9.832865,0.00008,0.000268,0.000166,31.562023,-0.122338,-8.928621,109.2071759
0.001094699,0.004352,-0.006273,-9.842401,-0.000586,-0.000398,0.000699,30.123598,-1.421825,-7.543784,109.4699074
0.001097072,0.028384,0.003329,-9.847169,-0.000586,-0.001064,-0.000499,29.164644,-0.679261,-7.939452,109.7071759
0.001099618,0.037996,-0.001472,-9.837633,0.00008,-0.000664,0.0003,30.283422,-1.978749,-6.950283,109.9618056
0.001102176,0.013965,-0.011074,-9.847169,-0.00032,0.000001,0.000699,29.644124,-0.49362,-9.719955,110.2175926
0.001104711,0.023577,0.012932,-9.828096,-0.00032,-0.000132,0.001099,29.4843,-2.164389,-7.148118,110.4710648
0.001107326,0.028384,0.003329,-9.851938,0.000213,-0.000132,0.001099,30.443246,-1.050543,-7.939452,110.7326389
0.001108576,0.023577,0.008131,-9.828096,-0.000453,-0.000398,0.001365,30.443246,-1.421825,-9.522122,110.8576389
0.001111134,0.023577,0.008131,-9.847169,0.000213,-0.000531,-0.000499,30.123598,-1.793107,-8.730786,111.1134259
0.001113611,0.013965,-0.011074,-9.832865,-0.000852,0.000134,0.000166,30.443246,-0.679261,-8.335121,111.3611111
0.001116134,0.023577,0.003329,-9.842401,-0.000186,-0.000132,0.000433,30.443246,-0.679261,-6.75245,111.6134259
0.001118669,0.03319,-0.001472,-9.842401,-0.000053,-0.000664,-0.000766,30.762895,-1.050543,-9.126454,111.8668981
0.001121192,0.023577,-0.006273,-9.837633,0.000479,0.000667,0.001099,29.164644,-1.050543,-8.730786,112.119213
0.001123819,0.028384,0.012932,-9.813792,0.001145,0.000401,-0.001165,29.803949,-1.793107,-9.126454,112.3819444
0.001126343,0.028384,0.003329,-9.832865,0.000346,0.000134,0.000566,29.963773,-0.122338,-7.741619,112.6342593
0.001128877,0.03319,0.003329,-9.837633,0.000346,-0.000931,0.000965,29.4843,-0.307979,-7.543784,112.8877315
0.001131319,0.018771,-0.015876,-9.842401,0.000346,-0.000531,0.000166,30.762895,-2.535671,-7.543784,113.1319444
0.001133843,0.018771,-0.015876,-9.851938,0.000346,-0.000132,0.000566,31.082544,-2.535671,-8.730786,113.3842593
0.001136308,0.013965,0.012932,-9.813792,-0.000053,0.001067,0.000832,30.603071,-1.236184,-8.928621,113.630787
0.001137627,0.023577,-0.015876,-9.828096,0.000213,-0.000531,0.000033,29.803949,-0.679261,-7.148118,113.7627315
0.001140162,0.028384,-0.006273,-9.842401,-0.000586,0.000134,0.001631,30.443246,-0.307979,-9.522122,114.0162037
0.001142801,0.018771,-0.011074,-9.828096,-0.000053,0.000001,-0.000366,30.443246,-0.307979,-9.126454,114.2800926
0.001145266,0.028384,-0.001472,-9.828096,0.000479,0.000134,0.0003,29.4843,-0.679261,-9.126454,114.5266204
0.001147778,0.018771,-0.011074,-9.837633,0.000746,-0.000531,0.000832,30.443246,0.063303,-7.939452,114.7777778
0.001150266,0.013965,-0.001472,-9.823328,0.000746,0.000001,0.000699,28.844995,-2.164389,-9.522122,115.0266204
0.001152894,0.013965,-0.001472,-9.856706,0.00008,0.000401,0.000566,30.603071,-0.122338,-7.345951,115.2893519
0.001155428,0.013965,-0.011074,-9.832865,0.000346,0.000001,-0.000499,30.762895,-2.164389,-7.939452,115.5428241
0.00115794,0.023577,-0.001472,-9.828096,0.000479,0.000001,-0.0001,30.603071,-0.864902,-9.324287,115.7939815
0.001160521,0.018771,0.003329,-9.832865,0.000879,0.000134,-0.000366,30.443246,-0.679261,-9.126454,116.0520833
0.001162986,0.023577,-0.011074,-9.828096,0.000346,0.000401,0.000566,28.844995,-1.793107,-8.335121,116.2986111
0.001164282,0.028384,0.008131,-9.837633,0.000213,0.000001,-0.000499,30.443246,-1.793107,-9.917787,116.4282407
0.001166678,0.018771,0.003329,-9.828096,0.001811,-0.000531,0.000033,30.123598,-2.535671,-9.126454,116.6678241
0.001169225,0.023577,-0.015876,-9.823328,-0.000453,0.000401,-0.000499,29.4843,0.805867,-8.335121,116.9224537
0.001171806,0.028384,-0.001472,-9.842401,0.000479,-0.000664,0.000433,30.123598,-1.050543,-7.543784,117.1805556
0.001174329,0.009158,0.012932,-9.837633,-0.000719,0.000401,0.000033,30.123598,-0.679261,-6.75245,117.4328704
0.001176956,0.023577,0.003329,-9.842401,0.000213,0.000667,-0.000233,30.762895,-0.307979,-9.126454,117.6956019
0.001179479,0.023577,-0.001472,-9.823328,0.00008,0.000268,0.000433,30.443246,-0.679261,-8.335121,117.9479167
0.001182002,0.023577,-0.020677,-9.809023,-0.000719,0.000134,0.0003,31.242368,-2.35003,-7.741619,118.2002315
0.001184444,0.023577,0.003329,-9.823328,0.000879,-0.000931,0.0003,29.803949,1.548431,-8.335121,118.4444444
0.001186968,0.018771,-0.001472,-9.832865,0.000479,-0.000265,-0.0001,32.041496,-0.679261,-7.543784,118.6967593
0.001189502,0.018771,0.003329,-9.832865,-0.000186,0.000268,0.000033,30.283422,-1.607466,-9.324287,118.9502315
0.00119213,0.03319,0.003329,-9.847169,0.000746,-0.000132,0.000566,29.803949,-0.307979,-8.335121,119.212963
0.00119338,0.018771,-0.001472,-9.832865,-0.00032,-0.000132,0.0003,29.4843,-2.164389,-7.543784,119.337963
0.001195926,0.023577,0.003329,-9.813792,-0.000586,0.000534,-0.000499,29.4843,-1.050543,-7.543784,119.5925926
0.001198461,0.023577,-0.006273,-9.828096,0.000746,-0.000265,-0.001298,30.283422,-1.236184,-8.928621,119.8460648
0.001200891,0.023577,0.008131,-9.837633,0.000213,0.000134,0.000566,28.844995,-1.793107,-7.939452,120.0891204
0.001203414,0.03319,-0.001472,-9.842401,0.001278,0.000268,-0.0001,30.443246,-0.679261,-7.543784,120.3414352
0.00120603,0.013965,0.003329,-9.842401,-0.000186,0.000134,0.000832,30.283422,-0.49362,-9.324287,120.6030093
0.001208565,0.018771,-0.011074,-9.842401,-0.000719,0.000534,-0.000366,29.963773,-0.49362,-8.137285,120.8564815
0.0012111,0.013965,0.008131,-9.823328,0.000479,0.000134,0.000166,30.123598,-0.679261,-9.126454,121.1099537
0.00121353,0.03319,-0.006273,-9.847169,0.000213,0.000667,0.0003,30.922719,-0.49362,-7.345951,121.3530093
0.001216088,0.042803,0.008131,-9.847169,0.000479,0.000001,0.0003,31.242368,-0.122338,-9.324287,121.6087963
0.001218715,0.018771,-0.006273,-9.828096,0.000479,-0.000132,0.000433,30.283422,-1.236184,-8.928621,121.8715278
0.001221192,0.03319,0.008131,-9.842401,0.00008,-0.000531,0.000433,29.004819,-0.864902,-8.137285,122.119213
0.001222465,0.028384,0.008131,-9.861474,-0.000985,-0.000265,0.000433,29.644124,-1.978749,-7.741619,122.2465278
0.001225023,0.028384,-0.001472,-9.823328,-0.000053,0.000667,-0.000899,30.123598,-1.050543,-9.126454,122.5023148
0.001227454,0.028384,0.003329,-9.856706,-0.000985,0.000001,0.000699,30.443246,-0.679261,-9.126454,122.7453704
0.001229988,0.023577,0.003329,-9.832865,0.001145,-0.000398,0.000965,31.402198,-1.050543,-8.335121,122.9988426
0.001232535,0.028384,-0.011074,-9.823328,0.000346,0.000001,0.000965,30.283422,-1.607466,-9.324287,123.2534722
0.001235127,0.028384,0.017733,-9.871011,-0.000186,0.000667,0.000033,30.762895,-1.050543,-9.126454,123.5127315
0.001237662,0.028384,-0.006273,-9.856706,-0.000053,0.000401,0.000832,29.803949,-1.421825,-9.126454,123.7662037
0.001240185,0.03319,0.012932,-9.837633,-0.000453,0.000268,-0.0001,27.726224,-1.607466,-8.137285,124.0185185
0.001242674,0.03319,0.008131,-9.81856,0.000479,-0.000798,0.000566,30.123598,-1.050543,-8.335121,124.2673611
0.001245197,0.013965,0.003329,-9.842401,-0.000186,0.000001,0.000433,29.004819,-0.122338,-9.324287,124.5196759
0.001247766,0.023577,-0.011074,-9.837633,-0.00032,-0.000398,-0.000233,30.603071,0.248944,-6.950283,124.7766204
0.001249005,0.037996,0.008131,-9.81856,-0.000186,-0.000931,0.001099,29.004819,-0.49362,-7.345951,124.900463
0.001251563,0.028384,0.003329,-9.837633,0.000346,0.000401,0.000699,28.844995,-1.050543,-9.126454,125.15625
0.001254097,0.013965,-0.006273,-9.809023,0.000346,0.000001,0.000832,30.283422,-1.236184,-7.345951,125.4097222
0.001256713,0.013965,-0.001472,-9.842401,0.00008,0.000001,-0.000499,29.644124,1.36279,-7.741619,125.6712963
0.001259236,0.028384,-0.006273,-9.851938,-0.000186,0.000534,0.000166,29.4843,-1.793107,-7.148118,125.9236111
0.001261655,0.028384,-0.001472,-9.856706,-0.00032,0.000268,0.000566,29.644124,-0.122338,-8.532953,126.1655093
0.001264201,0.023577,0.003329,-9.837633,0.000613,-0.00133,0.000166,30.603071,-0.864902,-8.532953,126.4201389
0.001266829,0.023577,-0.006273,-9.856706,-0.000586,0.000667,-0.0001,29.803949,-1.421825,-8.335121,126.6828704
0.001269525,0.028384,-0.006273,-9.823328,0.000879,0.000001,-0.0001,30.603071,0.248944,-6.950283,126.9525463
0.001272037,0.028384,0.003329,-9.851938,-0.000053,-0.000265,0.000699,30.443246,-0.307979,-8.335121,127.2037037
0.001273287,0.023577,0.008131,-9.842401,-0.000719,-0.000798,0.000033,30.603071,-0.49362,-8.532953,127.3287037
0.001275833,0.03319,0.008131,-9.81856,0.00008,-0.000132,-0.000366,29.4843,-0.307979,-8.730786,127.5833333
0.001278391,0.028384,0.008131,-9.832865,0.00008,0.000534,0.0003,30.123598,-0.307979,-8.335121,127.8391204
0.001280833,0.018771,-0.015876,-9.823328,-0.000586,0.000001,0.001099,29.803949,-0.679261,-8.730786,128.0833333
0.001283426,0.018771,0.012932,-9.832865,-0.000453,0.000134,0.000433,30.123598,-0.307979,-6.356782,128.3425926
0.001285961,0.028384,0.003329,-9.837633,0.000746,-0.000265,0.000699,30.123598,-1.421825,-7.939452,128.5960648
0.001288495,0.013965,0.008131,-9.823328,0.000479,-0.000132,0.000699,29.963773,-0.122338,-9.719955,128.849537
0.0012911,0.023577,0.008131,-9.842401,-0.000852,-0.000531,-0.000899,29.963773,-1.236184,-7.345951,129.1099537
0.001293634,0.023577,-0.015876,-9.81856,0.000613,0.000401,0.000433,30.283422,-1.607466,-9.324287,129.3634259
0.001296053,0.023577,0.008131,-9.837633,0.00008,0.000268,0.0003,29.644124,-1.236184,-8.532953,129.6053241
0.001298588,0.023577,0.008131,-9.832865,-0.000985,0.000534,0.000699,29.324476,-1.236184,-6.950283,129.8587963
0.0013011,0.018771,-0.006273,-9.842401,0.000479,0.000001,0.000566,29.803949,-1.421825,-6.75245,130.1099537
0.001302361,0.023577,-0.001472,-9.832865,0.00008,0.000401,0.000033,30.922719,-0.864902,-8.532953,130.2361111
0.001304942,0.018771,-0.001472,-9.856706,0.00008,0.000667,-0.0001,30.123598,-1.421825,-8.335121,130.494213
0.001307454,0.028384,0.003329,-9.823328,0.000346,-0.000664,-0.0001,30.443246,0.063303,-9.126454,130.7453704
0.001309954,0.018771,-0.006273,-9.851938,0.000346,0.000001,0.000033,30.123598,-0.679261,-9.522122,130.9953704
0.001312454,0.028384,-0.015876,-9.828096,0.000346,-0.000531,0.001099,29.644124,-0.49362,-8.137285,131.2453704
0.001315197,0.023577,-0.006273,-9.828096,0.000613,-0.000265,0.000433,29.803949,-0.679261,-8.335121,131.5196759
0.001318021,0.028384,0.017733,-9.837633,-0.00032,0.000268,-0.000633,30.283422,-0.49362,-9.324287,131.8020833
0.001319259,0.018771,-0.011074,-9.875779,0.000879,-0.000132,0.001232,31.881671,-0.122338,-7.741619,131.9259259
0.001321817,0.023577,0.008131,-9.823328,-0.00032,0.000001,0.000699,30.603071,-0.49362,-8.137285,132.181713
0.001324271,0.023577,-0.001472,-9.856706,-0.000453,-0.000398,-0.000233,29.963773,-1.236184,-6.950283,132.4270833
0.001326887,0.028384,-0.011074,-9.861474,0.000479,0.000401,0.000965,31.402198,-1.421825,-7.148118,132.6886574
0.001329398,0.028384,-0.006273,-9.828096,0.000879,-0.000398,0.000033,29.4843,-1.050543,-7.148118,132.9398148
0.001331956,0.023577,-0.011074,-9.828096,-0.000186,0.000667,0.0003,30.443246,-1.793107,-7.543784,133.1956019
0.001334479,0.023577,0.003329,-9.847169,0.000746,-0.000398,0.000166,30.123598,0.063303,-8.335121,133.4479167
0.001336991,0.028384,-0.006273,-9.809023,-0.00032,-0.000531,-0.001165,30.443246,-0.307979,-10.313455,133.6990741
0.001339444,0.013965,-0.001472,-9.842401,0.001145,-0.000798,0.000699,30.762895,-0.679261,-6.75245,133.9444444
0.001341991,0.028384,0.012932,-9.828096,-0.000053,-0.000531,0.000433,29.644124,-0.122338,-9.324287,134.1990741
0.001344514,0.009158,0.003329,-9.832865,0.000746,-0.000398,-0.000233,29.644124,-0.49362,-8.532953,134.4513889
0.001347083,0.03319,-0.011074,-9.832865,0.000346,0.000134,0.000433,31.082544,-1.421825,-8.335121,134.7083333
0.001348322,0.042803,0.008131,-9.856706,0.000213,-0.000664,-0.000366,30.443246,0.434585,-8.730786,134.8321759
0.00135088,0.03319,-0.001472,-9.832865,-0.00032,0.000534,0.0003,30.762895,-1.050543,-8.335121,135.087963
0.001353414,0.009158,0.003329,-9.832865,0.000213,-0.000398,0.000433,29.324476,-1.236184,-8.928621,135.3414352
0.001355938,0.018771,0.008131,-9.851938,0.000746,0.000401,0.000566,31.082544,-1.050543,-7.148118,135.59375
0.001358461,0.028384,-0.006273,-9.828096,0.000346,-0.000398,-0.000499,29.4843,-2.164389,-7.939452,135.8460648
0.001360926,0.028384,0.017733,-9.823328,0.000613,-0.000132,0.0003,30.123598,-1.421825,-9.917787,136.0925926
0.001363461,0.009158,0.017733,-9.837633,0.000346,-0.000398,0.0003,30.283422,0.620226,-8.137285,136.3460648
0.001366007,0.018771,0.008131,-9.81856,-0.000053,0.000134,-0.000366,30.443246,-1.793107,-9.126454,136.6006944
0.001368681,0.023577,0.003329,-9.837633,0.00008,0.000001,0.000699,30.922719,-1.607466,-7.345951,136.8680556
0.001371204,0.018771,-0.011074,-9.837633,0.00008,-0.000132,-0.000366,29.963773,-1.236184,-7.741619,137.1203704
0.001373611,0.013965,0.012932,-9.861474,0.001678,0.000534,-0.000766,28.685171,-0.49362,-7.741619,137.3611111
0.001376146,0.018771,0.003329,-9.837633,0.000346,0.000268,-0.001032,29.324476,-1.236184,-8.532953,137.6145833
0.001377396,0.028384,-0.006273,-9.837633,0.000213,0.000001,0.0003,29.803949,-1.050543,-9.917787,137.7395833
0.001379965,0.018771,0.003329,-9.81856,-0.000453,0.000401,-0.000233,29.963773,-1.978749,-7.741619,137.9965278
0.001382558,0.028384,-0.006273,-9.81856,0.000879,-0.000398,-0.000499,29.4843,-1.050543,-7.939452,138.255787
0.001385093,0.023577,-0.001472,-9.828096,0.001145,0.000401,0.000566,30.603071,-1.236184,-7.345951,138.5092593
0.001387627,0.018771,-0.001472,-9.837633,-0.000053,-0.000664,-0.0001,28.525346,0.434585,-7.543784,138.7627315
0.00139015,0.018771,-0.001472,-9.851938,0.000213,-0.000531,0.0003,31.721847,-0.679261,-9.522122,139.0150463
0.001392685,0.013965,-0.001472,-9.842401,0.001012,0.000933,-0.000633,29.963773,-0.49362,-8.928621,139.2685185
0.001395139,0.028384,-0.006273,-9.856706,0.000213,-0.000931,0.000566,30.443246,-0.679261,-8.730786,139.5138889
0.001397674,0.023577,0.003329,-9.81856,0.000879,0.000268,0.000433,29.4843,-1.050543,-9.126454,139.7673611
0.001400208,0.018771,0.003329,-9.813792,-0.000985,0.000001,-0.000233,31.402198,-0.679261,-7.543784,140.0208333
0.001402824,0.03319,-0.011074,-9.861474,-0.000719,0.000401,-0.0001,30.762895,-1.050543,-9.917787,140.2824074
0.001404074,0.028384,-0.011074,-9.832865,0.000613,0.0008,-0.001032,30.123598,-0.679261,-9.126454,140.4074074
0.00140662,0.023577,-0.001472,-9.842401,0.000213,-0.000265,0.0003,30.283422,-0.122338,-8.137285,140.662037
0.001409051,0.028384,-0.001472,-9.823328,0.000213,0.000134,-0.000233,30.443246,-0.679261,-7.939452,140.9050926
0.001411586,0.037996,-0.001472,-9.832865,0.00008,0.000401,0.000166,29.803949,-0.679261,-7.939452,141.1585648
0.00141412,0.023577,-0.006273,-9.809023,-0.000053,-0.000132,-0.001032,30.603071,-0.864902,-9.324287,141.412037
0.001416725,0.018771,-0.011074,-9.837633,0.000213,0.000268,-0.0001,30.762895,-1.793107,-7.939452,141.6724537
0.001419711,0.028384,-0.001472,-9.851938,0.000746,-0.000398,-0.000766,30.283422,-0.864902,-9.719955,141.9710648
0.001422188,0.023577,-0.001472,-9.842401,-0.000186,0.000001,0.000166,30.443246,-1.050543,-8.335121,142.21875
0.001424606,0.009158,0.008131,-9.842401,0.001012,0.000001,0.000566,29.4843,-2.164389,-8.335121,142.4606481
0.001425845,0.018771,0.003329,-9.842401,0.00008,-0.000531,-0.000233,30.603071,-0.864902,-7.741619,142.5844907
0.001428403,0.013965,-0.001472,-9.81856,0.000213,-0.000132,-0.000499,30.762895,-0.307979,-8.335121,142.8402778
0.001431007,0.023577,-0.001472,-9.847169,-0.000453,0.000268,0.000433,30.283422,-1.607466,-6.554617,143.1006944
0.001433542,0.023577,0.003329,-9.823328,0.000879,-0.000398,0.000033,29.4843,-0.307979,-9.522122,143.3541667
0.001436065,0.013965,-0.001472,-9.837633,0.000479,0.001067,-0.000366,29.644124,-0.122338,-6.950283,143.6064815
0.001438669,0.018771,0.012932,-9.847169,-0.000053,-0.000265,-0.000366,30.603071,-1.236184,-8.928621,143.8668981
0.001441204,0.018771,-0.001472,-9.813792,0.000613,-0.000132,-0.000366,29.963773,0.620226,-9.324287,144.1203704
0.001443634,0.023577,0.003329,-9.837633,-0.000186,0.000401,-0.0001,30.603071,-0.864902,-8.532953,144.3634259
0.001446169,0.023577,-0.006273,-9.832865,0.001545,0.000134,0.000433,29.324476,-0.49362,-7.345951,144.6168981
0.001448692,0.028384,0.008131,-9.847169,0.000213,0.000667,0.0003,29.4843,-2.164389,-8.335121,144.869213
0.0014586,0.023577,-0.001472,-9.842401,0.000213,0.000268,0.000832,30.762895,-0.307979,-7.939452,145.8599537
0.0014586,0.042803,0.003329,-9.81856,0.000479,0.000134,0.000699,30.443246,-0.679261,-8.730786,145.8599537
0.0014586,0.023577,0.003329,-9.828096,0.000213,-0.000398,0.000033,30.762895,-1.421825,-8.730786,145.8599537
0.0014586,0.023577,-0.006273,-9.828096,0.000613,-0.000531,-0.000499,30.443246,-1.793107,-9.126454,145.8599537
0.00145985,0.018771,-0.001472,-9.842401,0.001278,-0.000265,0.000166,31.082544,-1.050543,-8.730786,145.9849537
0.001462442,0.047609,-0.001472,-9.809023,0.000746,0.000933,0.000166,31.082544,-1.050543,-8.335121,146.244213
0.001465,0.028384,0.008131,-9.81856,0.000346,0.000401,0.000033,29.963773,-1.236184,-8.532953,146.5
0.001467535,0.018771,-0.001472,-9.832865,0.000879,0.000534,-0.001165,29.803949,-1.050543,-8.335121,146.7534722
0.001470058,0.042803,0.003329,-9.837633,-0.000053,-0.000531,0.000566,29.963773,-0.49362,-7.741619,147.005787
0.001472512,0.023577,0.008131,-9.823328,0.000879,0.000001,0.000566,30.603071,-1.607466,-8.928621,147.2511574
0.001475035,0.013965,0.003329,-9.861474,-0.000053,0.000534,0.000166,29.644124,-1.607466,-8.532953,147.5034722
0.001477558,0.013965,0.003329,-9.81856,-0.00032,0.000667,-0.0001,30.762895,0.434585,-6.75245,147.755787
0.00148015,0.023577,0.012932,-9.823328,-0.000453,0.000134,-0.0001,31.082544,0.063303,-7.939452,148.0150463
0.001482697,0.004352,-0.006273,-9.837633,0.000613,0.000268,0.0003,29.4843,-2.164389,-7.939452,148.2696759
0.001485255,0.028384,-0.001472,-9.842401,-0.000719,0.0008,0.000433,31.562023,-0.864902,-9.719955,148.525463
0.001486539,0.023577,0.012932,-9.851938,-0.00032,0.000001,-0.000233,30.283422,-0.49362,-8.928621,148.6539352
0.001489097,0.018771,0.008131,-9.837633,-0.000186,0.000001,0.000433,30.603071,-0.864902,-8.532953,148.9097222
0.001491609,0.037996,0.008131,-9.847169,-0.000186,0.0008,0.000832,29.324476,-0.49362,-8.928621,149.1608796
0.001494051,0.018771,-0.001472,-9.847169,-0.000453,-0.000664,-0.000366,29.4843,-0.307979,-9.522122,149.4050926
0.001496586,0.023577,-0.001472,-9.804255,0.001012,0.000667,-0.0001,30.762895,-1.050543,-7.939452,149.6585648
0.00149919,0.023577,0.003329,-9.823328,-0.000985,0.000401,-0.0001,29.164644,-2.164389,-9.522122,149.9189815
0.001501725,0.028384,-0.001472,-9.81856,0.000613,-0.000132,0.000832,29.644124,0.248944,-8.928621,150.1724537
0.001504248,0.018771,0.003329,-9.851938,-0.000186,0.000401,0.000699,30.603071,-0.864902,-6.950283,150.4247685
0.001506678,0.018771,0.003329,-9.809023,-0.000053,0.000268,0.000433,29.644124,-0.122338,-9.719955,150.6678241
0.001509201,0.03319,-0.006273,-9.837633,-0.00032,0.001067,0.000033,29.324476,-0.49362,-7.345951,150.9201389
0.001511736,0.013965,0.003329,-9.842401,0.000346,0.000667,0.000699,30.762895,0.434585,-6.75245,151.1736111
0.001513056,0.018771,-0.015876,-9.851938,-0.000453,-0.000398,-0.000633,30.443246,-1.421825,-8.730786,151.3055556
0.001515613,0.028384,-0.020677,-9.832865,0.000746,0.000534,-0.000499,30.603071,-0.49362,-7.741619,151.5613426
0.001518137,0.023577,-0.006273,-9.832865,0.001145,0.000534,-0.000499,30.123598,0.805867,-7.543784,151.8136574
0.001520741,0.028384,-0.011074,-9.842401,0.000479,-0.000265,0.000033,30.922719,-0.864902,-8.137285,152.0740741
0.001523299,0.023577,0.003329,-9.832865,0.000213,0.000401,0.000433,30.922719,-0.864902,-7.345951,152.3298611
0.001525833,0.042803,-0.006273,-9.828096,0.00008,0.0008,-0.000499,28.685171,-0.122338,-8.137285,152.5833333
0.001528241,0.03319,-0.006273,-9.856706,-0.000053,-0.000398,0.000566,29.644124,-0.122338,-7.741619,152.8240741
0.001530775,0.018771,0.003329,-9.81856,0.00008,0.000134,-0.000366,29.4843,-1.050543,-8.335121,153.0775463
0.001533299,0.013965,0.003329,-9.81856,0.000479,0.000534,0.000433,31.881671,-2.35003,-7.741619,153.3298611
0.001535903,0.023577,0.003329,-9.871011,0.000346,0.000001,-0.000766,30.283422,-1.236184,-7.345951,153.5902778
0.001538438,0.018771,-0.001472,-9.81856,0.000213,0.000001,0.000965,29.803949,-1.050543,-10.313455,153.84375
0.001539688,0.028384,0.003329,-9.847169,0.000346,0.000268,0.001232,30.123598,-1.793107,-7.543784,153.96875
0.001542292,0.018771,-0.006273,-9.842401,0.000879,-0.000265,-0.000233,30.123598,-1.050543,-8.730786,154.2291667
0.001544826,0.009158,0.008131,-9.837633,0.000213,0.000268,-0.000633,31.402198,0.063303,-8.335121,154.4826389
0.001547419,0.028384,-0.001472,-9.828096,-0.000053,0.000134,0.0003,29.324476,-0.49362,-8.928621,154.7418981
0.001549954,0.028384,-0.011074,-9.81856,0.000613,0.000401,0.000433,30.443246,-0.307979,-8.335121,154.9953704
0.001552488,0.013965,-0.001472,-9.832865,-0.00032,-0.000265,-0.000499,30.123598,0.434585,-7.543784,155.2488426
0.001555104,0.009158,-0.001472,-9.81856,0.000479,0.000534,0.000033,30.762895,0.063303,-8.335121,155.5104167
0.001557639,0.03319,0.008131,-9.851938,0.000613,0.000268,-0.000499,30.922719,-1.236184,-6.554617,155.7638889
0.001560162,0.004352,0.003329,-9.813792,-0.000586,-0.000798,0.000699,29.004819,-0.49362,-9.324287,156.0162037
0.001562593,0.018771,-0.011074,-9.81856,0.000213,0.000134,0.000699,30.123598,-0.307979,-10.313455,156.2592593
0.001565127,0.018771,0.008131,-9.823328,-0.000053,0.000401,0.000033,31.082544,-1.421825,-6.356782,156.5127315
0.001566377,0.018771,0.003329,-9.832865,-0.00032,0.000134,0.000166,30.123598,-1.793107,-8.335121,156.6377315
0.001568993,0.023577,0.003329,-9.828096,0.000213,0.000001,0.000433,30.283422,-1.978749,-8.928621,156.8993056
0.001571516,0.013965,-0.001472,-9.842401,0.000613,0.000534,0.0003,30.603071,-2.721313,-8.137285,157.1516204
0.001574051,0.028384,0.003329,-9.809023,0.000346,0.000667,0.000033,30.283422,-0.122338,-8.137285,157.4050926
0.001576481,0.03319,-0.006273,-9.842401,0.00008,-0.000132,-0.0001,29.4843,-0.307979,-6.356782,157.6481481
0.001579016,0.009158,-0.015876,-9.861474,0.000346,-0.000398,-0.000499,29.963773,-0.49362,-7.741619,157.9016204
0.001581551,0.028384,0.003329,-9.81856,0.001411,0.000001,0.000166,30.283422,-1.607466,-8.928621,158.1550926
0.001584213,0.013965,-0.001472,-9.842401,-0.000186,-0.000664,-0.000233,30.922719,0.248944,-7.345951,158.4212963
0.001586725,0.023577,0.008131,-9.81856,0.000879,0.0008,-0.0001,29.4843,-1.793107,-8.730786,158.6724537
0.001589282,0.023577,0.012932,-9.847169,0.000613,-0.000398,-0.000233,29.803949,-1.421825,-7.939452,158.9282407
0.001591794,0.018771,0.003329,-9.847169,0.000479,-0.000798,0.000832,30.443246,-1.050543,-8.730786,159.1793981
0.001593056,0.018771,-0.006273,-9.837633,0.000879,0.0008,-0.0001,30.762895,-1.050543,-8.335121,159.3055556
0.001595613,0.013965,0.012932,-9.837633,0.000746,0.000001,0.000566,31.082544,-0.307979,-7.939452,159.5613426
0.001598137,0.018771,-0.001472,-9.81856,0.000346,0.000268,0.000433,31.242368,-1.978749,-7.741619,159.8136574
0.001600683,0.018771,-0.011074,-9.861474,-0.000186,0.000268,0.0003,29.644124,-1.978749,-9.324287,160.068287
0.001603113,0.013965,-0.006273,-9.847169,0.000613,-0.000531,-0.000499,29.4843,-1.050543,-8.730786,160.3113426
0.001605648,0.013965,-0.001472,-9.813792,0.000213,0.001067,-0.000366,29.803949,-1.793107,-9.522122,160.5648148
0.001608183,0.018771,0.003329,-9.823328,0.000346,0.000401,-0.000766,29.4843,0.805867,-6.75245,160.818287
0.001610787,0.028384,-0.001472,-9.847169,0.000346,-0.000398,-0.000366,29.803949,-0.307979,-8.335121,161.0787037
0.00161331,0.023577,-0.001472,-9.828096,0.000479,0.000134,-0.001032,30.922719,0.248944,-8.928621,161.3310185
0.001615856,0.028384,-0.015876,-9.832865,-0.000053,-0.000531,-0.0001,30.603071,-0.122338,-8.532953,161.5856481
0.00161831,0.018771,0.008131,-9.837633,0.000879,-0.000664,-0.001165,30.603071,-0.864902,-8.137285,161.8310185
0.001620833,0.028384,-0.001472,-9.847169,-0.000053,-0.000265,-0.0001,29.803949,-1.421825,-8.730786,162.0833333
0.001622083,0.028384,0.003329,-9.842401,0.000346,0.000001,0.000033,29.803949,0.063303,-7.939452,162.2083333
0.001624711,0.028384,-0.001472,-9.837633,0.000613,0.000268,-0.000499,29.644124,-0.49362,-8.137285,162.4710648
0.001627222,0.018771,0.003329,-9.804255,0.000213,0.000667,-0.0001,28.844995,-0.679261,-8.730786,162.7222222
0.001629757,0.018771,-0.011074,-9.828096,-0.000453,-0.000265,0.0003,29.803949,-0.679261,-8.730786,162.9756944
0.001632211,0.037996,0.003329,-9.837633,0.000479,-0.000265,0.000566,30.123598,-1.421825,-7.939452,163.2210648
0.001634745,0.03319,0.008131,-9.832865,0.000879,0.000401,-0.000766,30.922719,-0.122338,-8.928621,163.474537
0.00163728,0.018771,0.003329,-9.81856,0.000213,-0.000132,0.000033,30.283422,-1.607466,-8.532953,163.7280093
0.001641539,0.037996,0.012932,-9.856706,-0.000186,-0.000265,-0.0001,29.644124,-1.978749,-8.928621,164.1539352
0.001641539,0.009158,-0.001472,-9.832865,0.001278,0.000534,0.001232,30.443246,-0.307979,-7.148118,164.1539352
0.001644063,0.023577,0.012932,-9.828096,0.001411,-0.000265,0.001099,30.123598,-0.679261,-7.148118,164.40625
0.001646493,0.018771,0.012932,-9.861474,0.000879,-0.000265,-0.000233,28.685171,-1.236184,-7.741619,164.6493056
0.001649086,0.018771,0.003329,-9.813792,0.001012,-0.000398,0.001365,29.4843,-2.164389,-7.148118,164.9085648
0.001651609,0.018771,0.012932,-9.847169,-0.000053,-0.000664,0.000033,29.963773,-0.122338,-8.137285,165.1608796
0.00165419,0.013965,-0.011074,-9.837633,0.000213,0.000134,0.000166,30.123598,-0.679261,-9.522122,165.4189815
0.00165669,0.013965,0.003329,-9.837633,0.000746,-0.000132,0.000033,30.123598,-0.679261,-9.522122,165.6689815
0.001659144,0.023577,0.003329,-9.832865,-0.000719,0.000134,-0.0001,29.644124,-1.978749,-8.928621,165.9143519
0.001661667,0.03319,-0.001472,-9.847169,-0.000053,0.000534,0.000166,30.123598,-0.679261,-8.730786,166.1666667
0.001664201,0.042803,-0.006273,-9.847169,0.00008,0.000134,0.0003,30.922719,-1.236184,-8.137285,166.4201389
0.001666806,0.03319,0.008131,-9.837633,0.00008,-0.000132,-0.000366,29.4843,0.434585,-7.543784,166.6805556
0.001668044,0.023577,0.003329,-9.81856,-0.00032,0.000134,0.000033,30.123598,-1.421825,-7.543784,166.8043981
0.001670602,0.018771,-0.001472,-9.842401,-0.000985,-0.000398,0.000699,30.283422,-1.236184,-8.532953,167.0601852
0.001673194,0.023577,-0.001472,-9.842401,0.00008,0.000001,0.000566,30.283422,-0.864902,-8.928621,167.3194444
0.001675741,0.018771,-0.011074,-9.828096,0.000746,-0.000132,-0.0001,29.644124,-0.49362,-8.928621,167.5740741
0.001678264,0.018771,-0.001472,-9.828096,-0.00032,0.0008,0.000566,29.803949,-0.307979,-8.335121,167.8263889
0.001680683,0.009158,0.003329,-9.828096,0.000879,-0.000132,0.000566,30.762895,0.063303,-8.335121,168.068287
0.001683206,0.023577,-0.001472,-9.828096,-0.000719,0.000667,0.000166,30.283422,-1.236184,-8.928621,168.3206019
0.001685752,0.03319,-0.015876,-9.847169,0.00008,0.000534,-0.000233,29.803949,-1.050543,-8.730786,168.5752315
0.001688356,0.023577,-0.006273,-9.837633,-0.000053,-0.000664,-0.000499,29.803949,-1.793107,-9.522122,168.8356481
0.001690891,0.018771,-0.011074,-9.813792,0.000213,0.000001,0.0003,30.123598,-1.421825,-9.126454,169.0891204
0.001693414,0.03319,0.003329,-9.81856,-0.000453,0.000268,0.000832,29.803949,-1.793107,-7.939452,169.3414352
0.001695833,0.009158,0.003329,-9.842401,0.00008,-0.000265,0.000699,30.123598,-0.679261,-8.730786,169.5833333
0.001698345,0.013965,0.017733,-9.842401,0.000479,-0.000398,0.000033,30.283422,-0.864902,-7.741619,169.8344907
0.001699618,0.023577,-0.001472,-9.837633,0.000213,0.000534,-0.000633,31.721847,-1.793107,-8.335121,169.9618056
0.001702245,0.03319,-0.006273,-9.81856,-0.000186,0.000134,0.000033,30.443246,-0.307979,-6.356782,170.224537
0.001704722,0.03319,-0.001472,-9.828096,0.000213,-0.000531,-0.000499,30.443246,-0.679261,-8.730786,170.4722222
0.001707153,0.028384,0.003329,-9.832865,0.000213,0.000401,0.000166,31.402198,-2.164389,-8.730786,170.7152778
0.001709745,0.023577,0.003329,-9.823328,-0.000453,0.000001,0.000566,29.4843,0.063303,-8.335121,170.974537
0.001712211,0.023577,-0.006273,-9.842401,0.001012,-0.000265,-0.000633,29.803949,-1.050543,-9.126454,171.2210648
0.001714699,0.018771,0.008131,-9.847169,0.000346,0.000534,-0.000366,30.603071,-0.864902,-8.137285,171.4699074
0.001717234,0.023577,0.008131,-9.842401,0.000213,0.000001,-0.0001,30.123598,0.063303,-8.335121,171.7233796
0.001719757,0.018771,-0.006273,-9.837633,0.000879,-0.000265,-0.000633,30.762895,-2.164389,-8.730786,171.9756944
0.00172235,0.009158,-0.001472,-9.856706,-0.000186,0.000933,0.000566,29.324476,-1.236184,-9.324287,172.2349537
0.001724884,0.023577,-0.011074,-9.837633,0.000746,0.000001,0.0003,29.963773,-1.607466,-8.532953,172.4884259
0.001727419,0.009158,0.008131,-9.828096,-0.000186,0.000268,0.000033,31.242368,-1.607466,-7.345951,172.7418981
0.001729826,0.013965,0.012932,-9.847169,0.00008,-0.000265,-0.000633,29.644124,-1.236184,-7.741619,172.9826389
0.001731088,0.03319,-0.001472,-9.851938,-0.000186,0.000534,-0.000633,29.644124,-0.122338,-8.137285,173.1087963
0.001733646,0.028384,-0.006273,-9.823328,0.00008,-0.000531,-0.000499,31.242368,-1.236184,-8.928621,173.3645833
0.001736354,0.009158,-0.001472,-9.851938,-0.000053,0.000667,0.000033,30.762895,-0.679261,-9.126454,173.6354167
0.001738912,0.028384,-0.006273,-9.847169,0.000746,-0.000531,-0.000366,30.922719,-0.864902,-9.719955,173.8912037
0.001741412,0.018771,-0.006273,-9.81856,-0.000453,-0.000132,0.0003,28.205698,-1.793107,-8.730786,174.1412037
0.001744097,0.023577,0.017733,-9.851938,-0.000852,-0.000132,0.0003,29.963773,-1.978749,-8.137285,174.4097222
